Datetime,Open,High,Low,Close,Adj Close,Volume
2022-12-05 09:15:00+05:30,5080.75,5106.89990234375,4995.2998046875,4997.0,4997.0,62254
2022-12-05 10:15:00+05:30,4997.0,5007.7998046875,4987.0,4998.39990234375,4998.39990234375,61871
2022-12-05 11:15:00+05:30,4998.39990234375,5004.9501953125,4997.64990234375,4998.0498046875,4998.0498046875,29224
2022-12-05 12:15:00+05:30,5000.0,5000.0,4981.0,4990.0,4990.0,24081
2022-12-05 13:15:00+05:30,4990.5,4991.89990234375,4985.0,4986.0,4986.0,12042
2022-12-05 14:15:00+05:30,4987.0,4990.9501953125,4971.10009765625,4983.85009765625,4983.85009765625,64223
2022-12-05 15:15:00+05:30,4980.0,4981.89990234375,4970.0,4973.35009765625,4973.35009765625,32520
2022-12-06 09:15:00+05:30,4950.0,4950.89990234375,4856.89990234375,4856.89990234375,4856.89990234375,0
2022-12-06 10:15:00+05:30,4857.7998046875,4878.4501953125,4832.0,4834.0,4834.0,72187
2022-12-06 11:15:00+05:30,4835.0,4852.35009765625,4830.0,4836.14990234375,4836.14990234375,61083
2022-12-06 12:15:00+05:30,4836.0498046875,4844.10009765625,4822.2001953125,4832.5498046875,4832.5498046875,70837
2022-12-06 13:15:00+05:30,4832.5498046875,4839.7998046875,4816.5498046875,4828.0498046875,4828.0498046875,46269
2022-12-06 14:15:00+05:30,4827.2998046875,4829.0,4807.0,4826.0,4826.0,78233
2022-12-06 15:15:00+05:30,4825.14990234375,4826.0,4800.10009765625,4801.0,4801.0,85703
2022-12-07 09:15:00+05:30,4815.2998046875,4815.2998046875,4720.0,4725.9501953125,4725.9501953125,123425
2022-12-07 10:15:00+05:30,4725.39990234375,4727.25,4691.14990234375,4693.60009765625,4693.60009765625,102738
2022-12-07 11:15:00+05:30,4694.2998046875,4705.2998046875,4672.60009765625,4696.2001953125,4696.2001953125,109607
2022-12-07 12:15:00+05:30,4696.0,4719.9501953125,4686.2998046875,4708.5498046875,4708.5498046875,106321
2022-12-07 13:15:00+05:30,4708.5498046875,4711.5,4678.0,4681.60009765625,4681.60009765625,50718
2022-12-07 14:15:00+05:30,4681.60009765625,4702.9501953125,4681.2001953125,4688.25,4688.25,82863
2022-12-07 15:15:00+05:30,4688.0,4690.0,4680.10009765625,4690.0,4690.0,47161
2022-12-08 09:15:00+05:30,4694.9501953125,4698.5498046875,4621.0,4622.10009765625,4622.10009765625,0
2022-12-08 10:15:00+05:30,4622.0,4635.75,4587.0498046875,4591.7998046875,4591.7998046875,116753
2022-12-08 11:15:00+05:30,4592.0,4602.9501953125,4575.0,4579.60009765625,4579.60009765625,82937
2022-12-08 12:15:00+05:30,4578.0498046875,4594.39990234375,4572.0,4585.35009765625,4585.35009765625,67987
2022-12-08 13:15:00+05:30,4586.5498046875,4590.39990234375,4577.0,4584.39990234375,4584.39990234375,89168
2022-12-08 14:15:00+05:30,4584.39990234375,4585.4501953125,4551.60009765625,4559.0,4559.0,157435
2022-12-08 15:15:00+05:30,4558.5498046875,4563.9501953125,4550.9501953125,4562.60009765625,4562.60009765625,59096
2022-12-09 09:15:00+05:30,4590.0,4606.0,4512.0,4516.0,4516.0,0
2022-12-09 10:15:00+05:30,4515.0,4519.75,4462.2998046875,4462.60009765625,4462.60009765625,125732
2022-12-09 11:15:00+05:30,4463.0,4469.5,4421.0,4449.0,4449.0,109329
2022-12-09 12:15:00+05:30,4449.89990234375,4450.0,4427.7998046875,4441.7998046875,4441.7998046875,69119
2022-12-09 13:15:00+05:30,4441.7998046875,4444.0,4415.60009765625,4416.60009765625,4416.60009765625,62451
2022-12-09 14:15:00+05:30,4416.60009765625,4417.0,4394.5498046875,4402.10009765625,4402.10009765625,123359
2022-12-09 15:15:00+05:30,4402.10009765625,4404.9501953125,4395.14990234375,4400.9501953125,4400.9501953125,65312
2022-12-12 09:15:00+05:30,4379.0,4380.0,4282.4501953125,4323.64990234375,4323.64990234375,0
2022-12-12 10:15:00+05:30,4323.9501953125,4350.0,4322.60009765625,4343.0,4343.0,88907
2022-12-12 11:15:00+05:30,4342.85009765625,4346.75,4332.0,4335.64990234375,4335.64990234375,36317
2022-12-12 12:15:00+05:30,4335.7001953125,4390.0,4324.14990234375,4338.25,4338.25,109749
2022-12-12 13:15:00+05:30,4339.0,4344.89990234375,4312.0,4328.60009765625,4328.60009765625,57188
2022-12-12 14:15:00+05:30,4328.0,4343.0,4310.0,4329.64990234375,4329.64990234375,86781
2022-12-12 15:15:00+05:30,4326.85009765625,4340.0,4321.5,4330.9501953125,4330.9501953125,56950
2022-12-13 09:15:00+05:30,4350.0,4374.35009765625,4311.14990234375,4334.0,4334.0,0
2022-12-13 10:15:00+05:30,4335.39990234375,4337.10009765625,4314.2001953125,4318.10009765625,4318.10009765625,96497
2022-12-13 11:15:00+05:30,4320.0,4351.0,4317.75,4349.0,4349.0,104497
2022-12-13 12:15:00+05:30,4349.0,4349.0,4331.9501953125,4343.64990234375,4343.64990234375,86175
2022-12-13 13:15:00+05:30,4343.9501953125,4345.4501953125,4315.0498046875,4321.5,4321.5,80623
2022-12-13 14:15:00+05:30,4324.0,4345.5498046875,4311.25,4312.75,4312.75,87334
2022-12-13 15:15:00+05:30,4312.75,4327.9501953125,4312.0,4323.0,4323.0,56871
2022-12-14 09:15:00+05:30,4370.0,4444.7001953125,4356.0,4443.0,4443.0,0
2022-12-14 10:15:00+05:30,4443.0,4453.5,4431.2998046875,4436.0,4436.0,155491
2022-12-14 11:15:00+05:30,4436.0,4459.0,4423.0,4431.2001953125,4431.2001953125,120625
2022-12-14 12:15:00+05:30,4431.2998046875,4452.0,4430.5,4450.89990234375,4450.89990234375,56848
2022-12-14 13:15:00+05:30,4450.2001953125,4456.0,4441.0,4451.0498046875,4451.0498046875,63408
2022-12-14 14:15:00+05:30,4451.0498046875,4465.0,4434.5498046875,4444.0,4444.0,160389
2022-12-14 15:15:00+05:30,4444.0,4449.0,4431.85009765625,4443.14990234375,4443.14990234375,57347
2022-12-15 09:15:00+05:30,4445.0,4449.4501953125,4380.0,4398.25,4398.25,0
2022-12-15 10:15:00+05:30,4397.2001953125,4423.4501953125,4397.0498046875,4400.0,4400.0,75442
2022-12-15 11:15:00+05:30,4400.0,4401.10009765625,4375.2001953125,4375.9501953125,4375.9501953125,48705
2022-12-15 12:15:00+05:30,4375.5498046875,4383.14990234375,4351.60009765625,4364.9501953125,4364.9501953125,54165
2022-12-15 13:15:00+05:30,4364.9501953125,4365.0,4350.0,4353.85009765625,4353.85009765625,55624
2022-12-15 14:15:00+05:30,4352.25,4354.89990234375,4324.39990234375,4330.0,4330.0,88312
2022-12-15 15:15:00+05:30,4330.0498046875,4335.0,4318.89990234375,4320.0,4320.0,43177
2022-12-16 09:15:00+05:30,4287.0498046875,4304.60009765625,4229.0498046875,4299.25,4299.25,0
2022-12-16 10:15:00+05:30,4299.25,4306.0498046875,4267.5,4300.0,4300.0,78402
2022-12-16 11:15:00+05:30,4300.4501953125,4350.0,4289.60009765625,4349.9501953125,4349.9501953125,71320
2022-12-16 12:15:00+05:30,4351.89990234375,4388.0,4343.9501953125,4352.39990234375,4352.39990234375,102636
2022-12-16 13:15:00+05:30,4355.0,4375.9501953125,4340.89990234375,4343.5,4343.5,61458
2022-12-16 14:15:00+05:30,4343.39990234375,4345.0,4306.5498046875,4331.89990234375,4331.89990234375,131394
2022-12-16 15:15:00+05:30,4331.89990234375,4354.5,4324.64990234375,4350.2001953125,4350.2001953125,70683
2022-12-19 09:15:00+05:30,4289.35009765625,4328.25,4265.0,4308.0,4308.0,0
2022-12-19 10:15:00+05:30,4307.9501953125,4344.5,4307.0498046875,4342.39990234375,4342.39990234375,62272
2022-12-19 11:15:00+05:30,4342.39990234375,4354.0,4326.89990234375,4333.60009765625,4333.60009765625,55924
2022-12-19 12:15:00+05:30,4333.7001953125,4350.0,4333.0,4349.9501953125,4349.9501953125,47261
2022-12-19 13:15:00+05:30,4349.9501953125,4350.0,4345.10009765625,4349.9501953125,4349.9501953125,44047
2022-12-19 14:15:00+05:30,4350.0,4378.0,4341.35009765625,4372.10009765625,4372.10009765625,82141
2022-12-19 15:15:00+05:30,4372.14990234375,4380.0,4367.89990234375,4372.60009765625,4372.60009765625,32525
2022-12-20 09:15:00+05:30,4354.60009765625,4358.39990234375,4295.0498046875,4306.0498046875,4306.0498046875,0
2022-12-20 10:15:00+05:30,4306.0498046875,4320.0,4295.10009765625,4315.60009765625,4315.60009765625,26436
2022-12-20 11:15:00+05:30,4317.2998046875,4338.0,4312.0,4328.9501953125,4328.9501953125,21424
2022-12-20 12:15:00+05:30,4331.0,4344.0498046875,4327.0498046875,4330.35009765625,4330.35009765625,20082
2022-12-20 13:15:00+05:30,4332.0,4358.7001953125,4326.2998046875,4347.9501953125,4347.9501953125,24585
2022-12-20 14:15:00+05:30,4347.89990234375,4365.0,4342.5,4364.2001953125,4364.2001953125,30762
2022-12-20 15:15:00+05:30,4364.2001953125,4370.0,4352.85009765625,4355.0,4355.0,17235
2022-12-21 09:15:00+05:30,4383.85009765625,4448.0,4375.14990234375,4415.25,4415.25,0
2022-12-21 10:15:00+05:30,4415.0,4435.0,4388.0,4433.7998046875,4433.7998046875,81715
2022-12-21 11:15:00+05:30,4433.25,4449.0,4432.2001953125,4443.75,4443.75,78672
2022-12-21 12:15:00+05:30,4443.25,4456.39990234375,4426.0,4430.39990234375,4430.39990234375,113572
2022-12-21 13:15:00+05:30,4430.5,4440.0,4400.5498046875,4425.2001953125,4425.2001953125,95877
2022-12-21 14:15:00+05:30,4425.0,4444.89990234375,4416.39990234375,4430.2001953125,4430.2001953125,85205
2022-12-21 15:15:00+05:30,4430.25,4430.25,4403.5,4415.0,4415.0,35259
2022-12-22 09:15:00+05:30,4455.0,4470.85009765625,4406.14990234375,4409.0,4409.0,0
2022-12-22 10:15:00+05:30,4407.0,4418.89990234375,4380.0,4405.2001953125,4405.2001953125,45519
2022-12-22 11:15:00+05:30,4405.10009765625,4410.5498046875,4356.5,4367.39990234375,4367.39990234375,34131
2022-12-22 12:15:00+05:30,4367.39990234375,4384.85009765625,4351.0,4369.0,4369.0,34750
2022-12-22 13:15:00+05:30,4367.0,4397.9501953125,4350.0,4390.2001953125,4390.2001953125,53287
2022-12-22 14:15:00+05:30,4390.2001953125,4396.89990234375,4361.10009765625,4376.0,4376.0,55781
2022-12-22 15:15:00+05:30,4376.9501953125,4390.0,4366.7001953125,4380.0,4380.0,30851
2022-12-23 09:15:00+05:30,4310.0498046875,4342.75,4290.5,4307.35009765625,4307.35009765625,0
2022-12-23 10:15:00+05:30,4308.39990234375,4309.85009765625,4273.4501953125,4279.75,4279.75,52615
2022-12-23 11:15:00+05:30,4279.75,4282.0,4225.0,4270.9501953125,4270.9501953125,56723
2022-12-23 12:15:00+05:30,4271.7998046875,4286.0,4255.5498046875,4270.0,4270.0,41261
2022-12-23 13:15:00+05:30,4272.4501953125,4278.0,4267.4501953125,4270.10009765625,4270.10009765625,45849
2022-12-23 14:15:00+05:30,4270.10009765625,4294.64990234375,4256.89990234375,4271.0,4271.0,92922
2022-12-23 15:15:00+05:30,4271.60009765625,4273.64990234375,4252.0498046875,4260.75,4260.75,29824
2022-12-26 09:15:00+05:30,4265.0498046875,4325.0,4243.0,4305.0,4305.0,0
2022-12-26 10:15:00+05:30,4304.0498046875,4328.5,4301.9501953125,4323.60009765625,4323.60009765625,26764
2022-12-26 11:15:00+05:30,4323.5498046875,4336.89990234375,4311.0,4331.4501953125,4331.4501953125,21302
2022-12-26 12:15:00+05:30,4331.4501953125,4347.89990234375,4322.0,4345.10009765625,4345.10009765625,28938
2022-12-26 13:15:00+05:30,4345.14990234375,4348.14990234375,4330.64990234375,4344.7001953125,4344.7001953125,30976
2022-12-26 14:15:00+05:30,4345.7998046875,4354.4501953125,4341.0498046875,4348.35009765625,4348.35009765625,43999
2022-12-26 15:15:00+05:30,4347.35009765625,4352.0,4346.0,4352.0,4352.0,25051
2022-12-27 09:15:00+05:30,4369.9501953125,4403.2998046875,4355.5498046875,4395.0,4395.0,0
2022-12-27 10:15:00+05:30,4393.5,4395.0,4367.5,4384.0,4384.0,38919
2022-12-27 11:15:00+05:30,4383.9501953125,4409.0,4370.0,4407.0,4407.0,28810
2022-12-27 12:15:00+05:30,4406.7998046875,4415.10009765625,4392.14990234375,4399.5,4399.5,26494
2022-12-27 13:15:00+05:30,4398.0498046875,4410.0498046875,4394.7001953125,4401.60009765625,4401.60009765625,19116
2022-12-27 14:15:00+05:30,4403.0498046875,4406.0,4380.2998046875,4386.89990234375,4386.89990234375,32190
2022-12-27 15:15:00+05:30,4386.0498046875,4399.4501953125,4385.0498046875,4395.0498046875,4395.0498046875,14983
2022-12-28 09:15:00+05:30,4364.85009765625,4364.85009765625,4309.2998046875,4350.0,4350.0,0
2022-12-28 10:15:00+05:30,4350.85009765625,4350.85009765625,4324.0,4329.4501953125,4329.4501953125,41073
2022-12-28 11:15:00+05:30,4329.4501953125,4352.85009765625,4326.0,4345.89990234375,4345.89990234375,37949
2022-12-28 12:15:00+05:30,4345.89990234375,4363.75,4340.5498046875,4350.25,4350.25,48048
2022-12-28 13:15:00+05:30,4350.0,4350.0,4335.0498046875,4346.25,4346.25,38854
2022-12-28 14:15:00+05:30,4346.25,4357.4501953125,4331.25,4331.7001953125,4331.7001953125,49740
2022-12-28 15:15:00+05:30,4331.75,4334.7001953125,4321.0,4332.0,4332.0,27853
2022-12-29 09:15:00+05:30,4306.25,4328.25,4280.0,4297.85009765625,4297.85009765625,0
2022-12-29 10:15:00+05:30,4299.9501953125,4324.85009765625,4298.0,4323.5,4323.5,53521
2022-12-29 11:15:00+05:30,4323.5,4345.0,4317.0498046875,4322.0,4322.0,55830
2022-12-29 12:15:00+05:30,4324.60009765625,4326.2998046875,4306.0,4310.7998046875,4310.7998046875,34183
2022-12-29 13:15:00+05:30,4310.85009765625,4319.0,4301.0,4312.5498046875,4312.5498046875,50637
2022-12-29 14:15:00+05:30,4312.5498046875,4435.2998046875,4312.5498046875,4406.14990234375,4406.14990234375,478130
2022-12-29 15:15:00+05:30,4414.35009765625,4454.9501953125,4388.7998046875,4406.10009765625,4406.10009765625,340086
2022-12-30 09:15:00+05:30,4430.0,4469.9501953125,4406.60009765625,4409.64990234375,4409.64990234375,0
2022-12-30 10:15:00+05:30,4407.75,4424.0,4396.85009765625,4410.0,4410.0,37925
2022-12-30 11:15:00+05:30,4411.7001953125,4420.0,4399.0498046875,4410.0498046875,4410.0498046875,17915
2022-12-30 12:15:00+05:30,4410.0498046875,4410.7001953125,4391.0498046875,4392.0,4392.0,14463
2022-12-30 13:15:00+05:30,4392.0,4407.4501953125,4367.5,4379.85009765625,4379.85009765625,28773
2022-12-30 14:15:00+05:30,4380.0498046875,4390.0,4360.0,4361.0,4361.0,47920
2022-12-30 15:15:00+05:30,4360.9501953125,4380.0,4355.0,4365.39990234375,4365.39990234375,40307
2023-01-02 09:15:00+05:30,4374.89990234375,4385.7998046875,4331.0,4345.0,4345.0,0
2023-01-02 10:15:00+05:30,4345.0,4345.0,4297.0498046875,4326.0,4326.0,49427
2023-01-02 11:15:00+05:30,4326.0,4340.35009765625,4317.64990234375,4333.0,4333.0,39265
2023-01-02 12:15:00+05:30,4333.0,4355.0,4323.89990234375,4343.7001953125,4343.7001953125,27160
2023-01-02 13:15:00+05:30,4342.64990234375,4353.7001953125,4336.2001953125,4346.35009765625,4346.35009765625,24903
2023-01-02 14:15:00+05:30,4348.89990234375,4349.4501953125,4312.10009765625,4321.75,4321.75,51214
2023-01-02 15:15:00+05:30,4321.75,4328.9501953125,4319.0,4322.0,4322.0,21679
2023-01-03 09:15:00+05:30,4333.0,4364.64990234375,4322.0,4345.0498046875,4345.0498046875,0
2023-01-03 10:15:00+05:30,4347.0,4358.0,4335.35009765625,4353.0,4353.0,23358
2023-01-03 11:15:00+05:30,4353.2998046875,4364.10009765625,4341.0,4342.0,4342.0,22513
2023-01-03 12:15:00+05:30,4343.10009765625,4351.0,4326.0,4342.75,4342.75,18717
2023-01-03 13:15:00+05:30,4343.75,4350.85009765625,4330.0,4341.2998046875,4341.2998046875,19105
2023-01-03 14:15:00+05:30,4341.60009765625,4359.85009765625,4335.0498046875,4346.10009765625,4346.10009765625,37704
2023-01-03 15:15:00+05:30,4347.64990234375,4357.64990234375,4341.10009765625,4346.75,4346.75,27113
2023-01-04 09:15:00+05:30,4313.89990234375,4313.89990234375,4268.85009765625,4293.85009765625,4293.85009765625,0
2023-01-04 10:15:00+05:30,4294.0,4316.0,4287.2998046875,4294.10009765625,4294.10009765625,62525
2023-01-04 11:15:00+05:30,4292.35009765625,4303.14990234375,4284.0,4285.0,4285.0,35985
2023-01-04 12:15:00+05:30,4285.0,4291.9501953125,4277.0,4285.64990234375,4285.64990234375,43772
2023-01-04 13:15:00+05:30,4284.2998046875,4296.2001953125,4280.60009765625,4289.0,4289.0,49201
2023-01-04 14:15:00+05:30,4288.9501953125,4292.4501953125,4268.7001953125,4280.14990234375,4280.14990234375,81712
2023-01-04 15:15:00+05:30,4280.14990234375,4280.9501953125,4268.0,4277.9501953125,4277.9501953125,28453
2023-01-05 09:15:00+05:30,4293.2001953125,4298.9501953125,4260.0,4272.75,4272.75,0
2023-01-05 10:15:00+05:30,4272.75,4295.0,4268.2001953125,4289.75,4289.75,34461
2023-01-05 11:15:00+05:30,4290.39990234375,4295.0,4270.0,4276.4501953125,4276.4501953125,19628
2023-01-05 12:15:00+05:30,4275.7998046875,4276.4501953125,4252.4501953125,4263.0498046875,4263.0498046875,28305
2023-01-05 13:15:00+05:30,4261.0,4265.0498046875,4250.0498046875,4255.35009765625,4255.35009765625,23773
2023-01-05 14:15:00+05:30,4255.0,4266.5498046875,4255.0,4262.89990234375,4262.89990234375,36269
2023-01-05 15:15:00+05:30,4262.5498046875,4268.10009765625,4251.2001953125,4260.2001953125,4260.2001953125,25808
2023-01-06 09:15:00+05:30,4254.0,4279.4501953125,4248.0498046875,4262.10009765625,4262.10009765625,0
2023-01-06 10:15:00+05:30,4260.0498046875,4262.5,4235.0498046875,4236.0,4236.0,27800
2023-01-06 11:15:00+05:30,4237.4501953125,4273.39990234375,4236.0,4262.0,4262.0,42188
2023-01-06 12:15:00+05:30,4262.0,4265.10009765625,4225.0,4228.89990234375,4228.89990234375,36668
2023-01-06 13:15:00+05:30,4228.0,4240.0,4200.0,4206.10009765625,4206.10009765625,36742
2023-01-06 14:15:00+05:30,4202.0,4212.75,4180.0,4195.5498046875,4195.5498046875,54504
2023-01-06 15:15:00+05:30,4195.64990234375,4214.89990234375,4185.60009765625,4197.60009765625,4197.60009765625,28736
2023-01-09 09:15:00+05:30,4239.75,4327.0,4232.7998046875,4315.85009765625,4315.85009765625,0
2023-01-09 10:15:00+05:30,4314.0498046875,4323.10009765625,4272.25,4276.7998046875,4276.7998046875,48186
2023-01-09 11:15:00+05:30,4275.10009765625,4281.85009765625,4255.10009765625,4265.0498046875,4265.0498046875,46334
2023-01-09 12:15:00+05:30,4265.0498046875,4267.7001953125,4250.85009765625,4254.0,4254.0,27522
2023-01-09 13:15:00+05:30,4254.2001953125,4269.89990234375,4233.10009765625,4269.89990234375,4269.89990234375,39024
2023-01-09 14:15:00+05:30,4269.0498046875,4306.5,4263.10009765625,4296.64990234375,4296.64990234375,79370
2023-01-09 15:15:00+05:30,4295.4501953125,4302.0,4290.7001953125,4295.25,4295.25,28113
2023-01-10 09:15:00+05:30,4298.0,4298.9501953125,4224.9501953125,4235.2001953125,4235.2001953125,0
2023-01-10 10:15:00+05:30,4234.7998046875,4242.0,4221.5,4227.0,4227.0,18051
2023-01-10 11:15:00+05:30,4227.0,4232.39990234375,4216.64990234375,4229.0,4229.0,14055
2023-01-10 12:15:00+05:30,4229.0,4233.0,4215.0498046875,4228.0,4228.0,17351
2023-01-10 13:15:00+05:30,4227.85009765625,4239.5,4225.0498046875,4233.0,4233.0,23546
2023-01-10 14:15:00+05:30,4232.64990234375,4244.39990234375,4225.10009765625,4230.0,4230.0,58397
2023-01-10 15:15:00+05:30,4230.5,4240.0,4225.0,4236.0,4236.0,30395
2023-01-11 09:15:00+05:30,4252.0,4294.0,4230.0,4286.25,4286.25,0
2023-01-11 10:15:00+05:30,4285.0498046875,4299.0,4270.0,4283.0498046875,4283.0498046875,44319
2023-01-11 11:15:00+05:30,4283.10009765625,4285.35009765625,4265.0,4267.14990234375,4267.14990234375,20557
2023-01-11 12:15:00+05:30,4267.35009765625,4269.5498046875,4227.0,4231.89990234375,4231.89990234375,28570
2023-01-11 13:15:00+05:30,4231.0,4234.25,4212.0,4226.9501953125,4226.9501953125,22958
2023-01-11 14:15:00+05:30,4227.0,4229.85009765625,4211.0,4226.7998046875,4226.7998046875,33154
2023-01-11 15:15:00+05:30,4226.7998046875,4229.89990234375,4220.0,4225.5,4225.5,21157
2023-01-12 09:15:00+05:30,4257.0,4263.0,4242.2001953125,4257.75,4257.75,0
2023-01-12 10:15:00+05:30,4259.0,4286.0,4250.9501953125,4286.0,4286.0,35632
2023-01-12 11:15:00+05:30,4286.0,4289.4501953125,4265.0,4266.89990234375,4266.89990234375,25055
2023-01-12 12:15:00+05:30,4266.85009765625,4279.0,4265.25,4271.10009765625,4271.10009765625,16949
2023-01-12 13:15:00+05:30,4273.5498046875,4295.0,4244.0,4292.0,4292.0,43668
2023-01-12 14:15:00+05:30,4292.0,4294.75,4272.0,4278.0498046875,4278.0498046875,57606
2023-01-12 15:15:00+05:30,4278.0498046875,4284.89990234375,4271.0,4279.5,4279.5,21699
2023-01-13 09:15:00+05:30,4270.0,4288.0,4160.0,4164.25,4164.25,0
2023-01-13 10:15:00+05:30,4165.2998046875,4210.0,4146.5498046875,4201.0,4201.0,84884
2023-01-13 11:15:00+05:30,4203.85009765625,4225.0,4195.0,4221.7001953125,4221.7001953125,42061
2023-01-13 12:15:00+05:30,4221.0,4252.0,4216.0498046875,4244.60009765625,4244.60009765625,42428
2023-01-13 13:15:00+05:30,4245.0498046875,4284.0,4239.14990234375,4269.0,4269.0,45086
2023-01-13 14:15:00+05:30,4269.0,4292.39990234375,4253.35009765625,4289.25,4289.25,55040
2023-01-13 15:15:00+05:30,4289.25,4292.89990234375,4281.0498046875,4287.4501953125,4287.4501953125,25865
2023-01-16 09:15:00+05:30,4293.25,4293.25,4211.7001953125,4245.85009765625,4245.85009765625,0
2023-01-16 10:15:00+05:30,4248.0,4309.4501953125,4242.7998046875,4297.0,4297.0,73827
2023-01-16 11:15:00+05:30,4295.7001953125,4303.35009765625,4277.5498046875,4285.0,4285.0,42910
2023-01-16 12:15:00+05:30,4284.85009765625,4285.0,4266.64990234375,4283.7998046875,4283.7998046875,22395
2023-01-16 13:15:00+05:30,4283.5,4286.39990234375,4267.35009765625,4271.9501953125,4271.9501953125,17496
2023-01-16 14:15:00+05:30,4271.7001953125,4282.5,4250.5,4275.85009765625,4275.85009765625,53876
2023-01-16 15:15:00+05:30,4275.0498046875,4285.5498046875,4272.0,4277.0,4277.0,19089
2023-01-17 09:15:00+05:30,4284.7998046875,4304.64990234375,4247.5498046875,4278.0,4278.0,0
2023-01-17 10:15:00+05:30,4278.2001953125,4287.0,4268.2001953125,4281.85009765625,4281.85009765625,15697
2023-01-17 11:15:00+05:30,4282.0,4283.39990234375,4272.5498046875,4278.10009765625,4278.10009765625,8629
2023-01-17 12:15:00+05:30,4278.9501953125,4278.9501953125,4264.0,4277.5498046875,4277.5498046875,14391
2023-01-17 13:15:00+05:30,4277.5498046875,4292.0498046875,4275.14990234375,4282.0498046875,4282.0498046875,23313
2023-01-17 14:15:00+05:30,4284.0,4284.0,4268.0,4272.7998046875,4272.7998046875,60690
2023-01-17 15:15:00+05:30,4272.5,4284.75,4268.5498046875,4272.0,4272.0,32626
2023-01-18 09:15:00+05:30,4295.25,4301.2001953125,4276.0,4285.14990234375,4285.14990234375,0
2023-01-18 10:15:00+05:30,4285.2001953125,4292.0498046875,4256.0,4259.9501953125,4259.9501953125,62911
2023-01-18 11:15:00+05:30,4259.2998046875,4294.5,4259.0,4285.2001953125,4285.2001953125,36897
2023-01-18 12:15:00+05:30,4285.2001953125,4290.0,4271.0,4273.64990234375,4273.64990234375,21954
2023-01-18 13:15:00+05:30,4273.60009765625,4280.89990234375,4270.0,4276.14990234375,4276.14990234375,13833
2023-01-18 14:15:00+05:30,4277.0,4279.0,4264.0,4276.5,4276.5,23891
2023-01-18 15:15:00+05:30,4274.2998046875,4286.25,4270.7001953125,4273.75,4273.75,16383
2023-01-19 09:15:00+05:30,4250.0,4279.35009765625,4228.85009765625,4266.4501953125,4266.4501953125,0
2023-01-19 10:15:00+05:30,4266.2998046875,4272.0,4255.5,4268.9501953125,4268.9501953125,27717
2023-01-19 11:15:00+05:30,4269.9501953125,4270.0,4262.0,4269.7998046875,4269.7998046875,22815
2023-01-19 12:15:00+05:30,4269.75,4275.0,4253.0,4254.2998046875,4254.2998046875,30218
2023-01-19 13:15:00+05:30,4254.35009765625,4255.0,4238.0498046875,4246.35009765625,4246.35009765625,24303
2023-01-19 14:15:00+05:30,4246.39990234375,4250.85009765625,4223.0,4238.25,4238.25,55127
2023-01-19 15:15:00+05:30,4240.0,4249.89990234375,4238.14990234375,4238.75,4238.75,21527
2023-01-20 09:15:00+05:30,4221.89990234375,4268.60009765625,4211.14990234375,4243.0,4243.0,0
2023-01-20 10:15:00+05:30,4243.0,4297.4501953125,4237.0,4283.0,4283.0,51241
2023-01-20 11:15:00+05:30,4285.0,4345.89990234375,4282.4501953125,4314.5,4314.5,141904
2023-01-20 12:15:00+05:30,4312.75,4316.0,4295.0,4309.35009765625,4309.35009765625,34148
2023-01-20 13:15:00+05:30,4308.75,4314.5498046875,4272.0,4284.7998046875,4284.7998046875,48358
2023-01-20 14:15:00+05:30,4283.10009765625,4288.7001953125,4251.0,4271.25,4271.25,62798
2023-01-20 15:15:00+05:30,4270.7001953125,4273.2998046875,4258.0,4268.0,4268.0,28332
2023-01-23 09:15:00+05:30,4160.2001953125,4319.0498046875,4125.0,4266.0498046875,4266.0498046875,0
2023-01-23 10:15:00+05:30,4265.10009765625,4296.35009765625,4223.60009765625,4248.5,4248.5,140885
2023-01-23 11:15:00+05:30,4249.7001953125,4273.0498046875,4241.5498046875,4269.9501953125,4269.9501953125,98691
2023-01-23 12:15:00+05:30,4270.0,4310.9501953125,4265.0,4300.0498046875,4300.0498046875,145561
2023-01-23 13:15:00+05:30,4300.0498046875,4381.39990234375,4300.0498046875,4356.0,4356.0,199529
2023-01-23 14:15:00+05:30,4358.2001953125,4400.9501953125,4354.25,4376.0,4376.0,184654
2023-01-23 15:15:00+05:30,4375.25,4377.85009765625,4359.9501953125,4368.85009765625,4368.85009765625,57421
2023-01-24 09:15:00+05:30,4389.4501953125,4468.5,4378.0,4467.60009765625,4467.60009765625,0
2023-01-24 10:15:00+05:30,4467.0,4494.0,4438.25,4482.89990234375,4482.89990234375,185497
2023-01-24 11:15:00+05:30,4482.0,4512.7001953125,4475.0,4512.0,4512.0,148038
2023-01-24 12:15:00+05:30,4512.0,4544.2998046875,4504.14990234375,4537.0,4537.0,136472
2023-01-24 13:15:00+05:30,4537.0,4538.89990234375,4489.0,4490.0,4490.0,145805
2023-01-24 14:15:00+05:30,4489.9501953125,4518.7001953125,4482.5498046875,4510.0,4510.0,100346
2023-01-24 15:15:00+05:30,4510.4501953125,4520.35009765625,4500.0,4502.0,4502.0,44391
2023-01-25 09:15:00+05:30,4485.85009765625,4505.0,4464.0,4487.60009765625,4487.60009765625,0
2023-01-25 10:15:00+05:30,4485.64990234375,4503.7998046875,4470.4501953125,4491.0498046875,4491.0498046875,44007
2023-01-25 11:15:00+05:30,4493.85009765625,4493.85009765625,4459.0,4473.7001953125,4473.7001953125,25749
2023-01-25 12:15:00+05:30,4473.7001953125,4505.0,4470.0,4483.0,4483.0,24194
2023-01-25 13:15:00+05:30,4482.64990234375,4499.10009765625,4475.0,4482.9501953125,4482.9501953125,21706
2023-01-25 14:15:00+05:30,4480.64990234375,4482.39990234375,4418.0,4437.5498046875,4437.5498046875,68843
2023-01-25 15:15:00+05:30,4439.60009765625,4446.0,4419.9501953125,4430.64990234375,4430.64990234375,33164
2023-01-27 09:15:00+05:30,4411.9501953125,4467.9501953125,4390.64990234375,4400.0,4400.0,0
2023-01-27 10:15:00+05:30,4401.7998046875,4425.2001953125,4400.0,4420.0,4420.0,74443
2023-01-27 11:15:00+05:30,4418.2998046875,4426.64990234375,4415.25,4416.35009765625,4416.35009765625,51783
2023-01-27 12:15:00+05:30,4417.2001953125,4418.5,4366.0498046875,4400.14990234375,4400.14990234375,75633
2023-01-27 13:15:00+05:30,4401.0498046875,4406.39990234375,4380.5,4389.89990234375,4389.89990234375,48027
2023-01-27 14:15:00+05:30,4389.9501953125,4407.0,4388.0,4400.35009765625,4400.35009765625,84308
2023-01-27 15:15:00+05:30,4400.25,4405.0,4391.0,4394.2001953125,4394.2001953125,25072
2023-01-30 09:15:00+05:30,4370.2001953125,4418.35009765625,4340.0,4363.9501953125,4363.9501953125,0
2023-01-30 10:15:00+05:30,4363.9501953125,4385.9501953125,4360.0,4380.0,4380.0,88431
2023-01-30 11:15:00+05:30,4381.64990234375,4413.7998046875,4375.60009765625,4400.14990234375,4400.14990234375,144709
2023-01-30 12:15:00+05:30,4400.10009765625,4435.0,4400.10009765625,4409.0498046875,4409.0498046875,85938
2023-01-30 13:15:00+05:30,4408.4501953125,4429.9501953125,4390.0,4424.9501953125,4424.9501953125,73314
2023-01-30 14:15:00+05:30,4424.9501953125,4453.7998046875,4406.25,4450.0,4450.0,181909
2023-01-30 15:15:00+05:30,4450.0498046875,4464.0,4443.0,4448.89990234375,4448.89990234375,28849
2023-01-31 09:15:00+05:30,4458.0,4458.0,4345.10009765625,4373.64990234375,4373.64990234375,0
2023-01-31 10:15:00+05:30,4372.0,4401.7998046875,4360.5,4375.0,4375.0,61049
2023-01-31 11:15:00+05:30,4375.60009765625,4404.0,4372.10009765625,4379.64990234375,4379.64990234375,40178
2023-01-31 12:15:00+05:30,4379.64990234375,4397.4501953125,4361.2998046875,4396.89990234375,4396.89990234375,57827
2023-01-31 13:15:00+05:30,4396.85009765625,4403.5498046875,4389.9501953125,4395.9501953125,4395.9501953125,62983
2023-01-31 14:15:00+05:30,4395.9501953125,4400.0,4364.64990234375,4375.5498046875,4375.5498046875,83395
2023-01-31 15:15:00+05:30,4375.5498046875,4377.5,4355.25,4368.5498046875,4368.5498046875,60160
2023-02-01 09:15:00+05:30,4398.9501953125,4409.9501953125,4376.35009765625,4395.64990234375,4395.64990234375,0
2023-02-01 10:15:00+05:30,4396.25,4405.89990234375,4385.0,4397.5498046875,4397.5498046875,22893
2023-02-01 11:15:00+05:30,4398.0,4410.0,4380.0,4405.2998046875,4405.2998046875,35580
2023-02-01 12:15:00+05:30,4404.7998046875,4427.85009765625,4393.35009765625,4401.5,4401.5,68842
2023-02-01 13:15:00+05:30,4401.4501953125,4403.0,4367.0498046875,4398.7001953125,4398.7001953125,62437
2023-02-01 14:15:00+05:30,4397.9501953125,4398.7998046875,4331.5498046875,4390.7998046875,4390.7998046875,79785
2023-02-01 15:15:00+05:30,4392.5,4394.10009765625,4374.5,4388.10009765625,4388.10009765625,21521
2023-02-02 09:15:00+05:30,4397.0,4484.5498046875,4397.0,4463.4501953125,4463.4501953125,0
2023-02-02 10:15:00+05:30,4463.4501953125,4589.7001953125,4455.5498046875,4558.75,4558.75,230468
2023-02-02 11:15:00+05:30,4558.85009765625,4581.60009765625,4553.2998046875,4565.0,4565.0,95638
2023-02-02 12:15:00+05:30,4564.2998046875,4584.0,4547.39990234375,4579.14990234375,4579.14990234375,99794
2023-02-02 13:15:00+05:30,4577.0,4593.9501953125,4563.5,4574.2001953125,4574.2001953125,92881
2023-02-02 14:15:00+05:30,4573.10009765625,4594.9501953125,4570.0,4589.0498046875,4589.0498046875,81476
2023-02-02 15:15:00+05:30,4588.9501953125,4593.85009765625,4581.0,4591.0,4591.0,47398
2023-02-03 09:15:00+05:30,4630.4501953125,4637.9501953125,4541.25,4574.5,4574.5,0
2023-02-03 10:15:00+05:30,4574.5,4579.89990234375,4490.0,4491.0,4491.0,93650
2023-02-03 11:15:00+05:30,4490.85009765625,4503.89990234375,4410.0,4417.0,4417.0,95949
2023-02-03 12:15:00+05:30,4417.0,4485.0,4415.0,4475.0498046875,4475.0498046875,59507
2023-02-03 13:15:00+05:30,4476.7998046875,4506.25,4474.2001953125,4486.75,4486.75,76250
2023-02-03 14:15:00+05:30,4485.0498046875,4510.89990234375,4480.85009765625,4502.5498046875,4502.5498046875,92742
2023-02-03 15:15:00+05:30,4502.60009765625,4506.5498046875,4497.89990234375,4504.2998046875,4504.2998046875,39605
2023-02-06 09:15:00+05:30,4490.0,4589.39990234375,4446.60009765625,4589.0,4589.0,0
2023-02-06 10:15:00+05:30,4589.0,4604.5,4560.0498046875,4595.75,4595.75,136922
2023-02-06 11:15:00+05:30,4594.89990234375,4611.4501953125,4590.60009765625,4599.9501953125,4599.9501953125,121044
2023-02-06 12:15:00+05:30,4600.0,4608.7998046875,4570.0,4574.7998046875,4574.7998046875,72690
2023-02-06 13:15:00+05:30,4574.75,4598.14990234375,4561.0,4595.0,4595.0,25656
2023-02-06 14:15:00+05:30,4595.0,4601.0,4587.14990234375,4595.9501953125,4595.9501953125,39547
2023-02-06 15:15:00+05:30,4595.9501953125,4600.60009765625,4579.10009765625,4579.9501953125,4579.9501953125,23128
2023-02-07 09:15:00+05:30,4581.9501953125,4626.2001953125,4562.2998046875,4612.7998046875,4612.7998046875,0
2023-02-07 10:15:00+05:30,4612.75,4625.0,4595.10009765625,4609.7001953125,4609.7001953125,78441
2023-02-07 11:15:00+05:30,4611.5,4611.89990234375,4580.0,4580.0,4580.0,35035
2023-02-07 12:15:00+05:30,4579.0,4593.64990234375,4570.0,4585.75,4585.75,36851
2023-02-07 13:15:00+05:30,4584.5498046875,4605.0498046875,4578.0,4604.0,4604.0,27378
2023-02-07 14:15:00+05:30,4605.0,4612.89990234375,4593.64990234375,4593.9501953125,4593.9501953125,40485
2023-02-07 15:15:00+05:30,4594.25,4597.0,4575.5,4592.14990234375,4592.14990234375,17976
2023-02-08 09:15:00+05:30,4631.60009765625,4664.85009765625,4620.10009765625,4652.5,4652.5,0
2023-02-08 10:15:00+05:30,4653.89990234375,4694.2001953125,4647.2998046875,4694.0,4694.0,111573
2023-02-08 11:15:00+05:30,4694.0,4704.0498046875,4686.5,4701.2001953125,4701.2001953125,95276
2023-02-08 12:15:00+05:30,4702.35009765625,4714.0,4701.0,4712.0,4712.0,64326
2023-02-08 13:15:00+05:30,4712.64990234375,4727.2001953125,4706.0,4716.0498046875,4716.0498046875,73751
2023-02-08 14:15:00+05:30,4716.0,4724.0,4705.35009765625,4717.2998046875,4717.2998046875,104243
2023-02-08 15:15:00+05:30,4716.5498046875,4720.0,4711.0,4714.7001953125,4714.7001953125,30319
2023-02-09 09:15:00+05:30,4686.39990234375,4717.14990234375,4662.5498046875,4680.0,4680.0,0
2023-02-09 10:15:00+05:30,4680.0,4712.75,4675.14990234375,4703.9501953125,4703.9501953125,89475
2023-02-09 11:15:00+05:30,4701.10009765625,4701.10009765625,4676.5498046875,4699.5,4699.5,144747
2023-02-09 12:15:00+05:30,4699.0,4741.5,4686.25,4694.0498046875,4694.0498046875,60123
2023-02-09 13:15:00+05:30,4694.0,4713.85009765625,4690.0,4698.60009765625,4698.60009765625,34986
2023-02-09 14:15:00+05:30,4699.89990234375,4710.0,4689.7001953125,4693.0498046875,4693.0498046875,112461
2023-02-09 15:15:00+05:30,4691.85009765625,4700.0,4691.2998046875,4695.64990234375,4695.64990234375,27540
2023-02-10 09:15:00+05:30,4683.75,4690.14990234375,4652.0,4681.4501953125,4681.4501953125,0
2023-02-10 10:15:00+05:30,4681.4501953125,4689.7001953125,4680.0,4684.0,4684.0,83177
2023-02-10 11:15:00+05:30,4683.60009765625,4690.0,4680.7998046875,4684.9501953125,4684.9501953125,32162
2023-02-10 12:15:00+05:30,4684.0,4685.0,4650.5498046875,4656.0,4656.0,17440
2023-02-10 13:15:00+05:30,4657.0,4685.0,4652.0,4675.0,4675.0,19145
2023-02-10 14:15:00+05:30,4675.0,4695.64990234375,4662.25,4694.9501953125,4694.9501953125,36700
2023-02-10 15:15:00+05:30,4694.9501953125,4700.0,4689.9501953125,4691.60009765625,4691.60009765625,15418
2023-02-13 09:15:00+05:30,4688.0,4693.0,4578.0,4578.60009765625,4578.60009765625,0
2023-02-13 10:15:00+05:30,4579.7998046875,4592.2001953125,4552.0,4583.0,4583.0,68032
2023-02-13 11:15:00+05:30,4583.60009765625,4593.10009765625,4577.0,4585.0,4585.0,25325
2023-02-13 12:15:00+05:30,4585.35009765625,4590.0,4580.0,4585.0498046875,4585.0498046875,18870
2023-02-13 13:15:00+05:30,4585.2001953125,4615.0,4582.2001953125,4612.75,4612.75,17490
2023-02-13 14:15:00+05:30,4612.75,4624.5498046875,4607.2998046875,4620.85009765625,4620.85009765625,36387
2023-02-13 15:15:00+05:30,4620.85009765625,4629.0,4619.0498046875,4622.0,4622.0,27678
2023-02-14 09:15:00+05:30,4644.10009765625,4715.0,4633.5498046875,4696.2998046875,4696.2998046875,0
2023-02-14 10:15:00+05:30,4698.0,4705.0,4690.0,4703.0,4703.0,38890
2023-02-14 11:15:00+05:30,4700.4501953125,4702.5498046875,4675.0,4676.9501953125,4676.9501953125,25786
2023-02-14 12:15:00+05:30,4677.35009765625,4680.0,4643.39990234375,4648.14990234375,4648.14990234375,24978
2023-02-14 13:15:00+05:30,4649.89990234375,4656.0,4631.2998046875,4650.0,4650.0,33320
2023-02-14 14:15:00+05:30,4650.0,4668.7001953125,4630.5,4630.5,4630.5,45706
2023-02-14 15:15:00+05:30,4630.5,4638.9501953125,4625.14990234375,4638.0,4638.0,23519
2023-02-15 09:15:00+05:30,4659.85009765625,4659.85009765625,4587.0,4617.60009765625,4617.60009765625,0
2023-02-15 10:15:00+05:30,4617.60009765625,4671.5,4617.60009765625,4671.5,4671.5,62582
2023-02-15 11:15:00+05:30,4667.0,4678.0,4660.0498046875,4661.9501953125,4661.9501953125,31962
2023-02-15 12:15:00+05:30,4661.0,4683.39990234375,4660.0,4682.0498046875,4682.0498046875,28139
2023-02-15 13:15:00+05:30,4683.60009765625,4741.0,4681.2998046875,4740.0,4740.0,100119
2023-02-15 14:15:00+05:30,4739.2998046875,4749.0,4723.5498046875,4742.9501953125,4742.9501953125,143512
2023-02-15 15:15:00+05:30,4742.39990234375,4745.0,4718.7998046875,4718.7998046875,4718.7998046875,54569
2023-02-16 09:15:00+05:30,4768.9501953125,4913.75,4758.5,4880.0,4880.0,0
2023-02-16 10:15:00+05:30,4880.0,4934.89990234375,4860.2001953125,4932.0,4932.0,156028
2023-02-16 11:15:00+05:30,4930.64990234375,4939.0,4912.0,4915.10009765625,4915.10009765625,81637
2023-02-16 12:15:00+05:30,4917.0,4975.0,4901.9501953125,4939.89990234375,4939.89990234375,146218
2023-02-16 13:15:00+05:30,4940.0,4960.0,4925.7001953125,4948.9501953125,4948.9501953125,94914
2023-02-16 14:15:00+05:30,4949.0,4959.0,4940.0,4950.0,4950.0,116102
2023-02-16 15:15:00+05:30,4949.9501953125,4955.2998046875,4931.5498046875,4939.0,4939.0,72966
2023-02-17 09:15:00+05:30,4863.2001953125,4903.0,4861.9501953125,4861.9501953125,4861.9501953125,0
2023-02-17 10:15:00+05:30,4864.0,4908.0,4855.0,4873.4501953125,4873.4501953125,54746
2023-02-17 11:15:00+05:30,4872.85009765625,4895.0,4867.0498046875,4869.9501953125,4869.9501953125,90201
2023-02-17 12:15:00+05:30,4869.9501953125,4878.0,4860.2998046875,4870.85009765625,4870.85009765625,21578
2023-02-17 13:15:00+05:30,4871.0,4876.0,4833.75,4849.2998046875,4849.2998046875,36816
2023-02-17 14:15:00+05:30,4849.2998046875,4865.0,4840.0,4860.35009765625,4860.35009765625,46405
2023-02-17 15:15:00+05:30,4860.35009765625,4861.0,4854.0498046875,4861.0,4861.0,19804
2023-02-20 09:15:00+05:30,4858.75,4925.0,4841.14990234375,4904.0,4904.0,0
2023-02-20 10:15:00+05:30,4904.35009765625,4922.2001953125,4894.0,4919.75,4919.75,59532
2023-02-20 11:15:00+05:30,4919.75,4932.0498046875,4902.0,4927.75,4927.75,114771
2023-02-20 12:15:00+05:30,4925.2001953125,4950.0,4922.60009765625,4944.75,4944.75,108986
2023-02-20 13:15:00+05:30,4944.60009765625,4955.5,4907.10009765625,4910.2001953125,4910.2001953125,89358
2023-02-20 14:15:00+05:30,4910.10009765625,4923.5,4876.5498046875,4884.60009765625,4884.60009765625,114129
2023-02-20 15:15:00+05:30,4886.7998046875,4892.0,4875.10009765625,4886.85009765625,4886.85009765625,45796
2023-02-21 09:15:00+05:30,4905.0,4913.75,4868.0,4901.89990234375,4901.89990234375,0
2023-02-21 10:15:00+05:30,4901.9501953125,4905.85009765625,4882.9501953125,4893.0498046875,4893.0498046875,50851
2023-02-21 11:15:00+05:30,4891.35009765625,4901.7998046875,4886.7998046875,4897.7998046875,4897.7998046875,104439
2023-02-21 12:15:00+05:30,4897.0498046875,4922.39990234375,4897.0,4920.0,4920.0,32990
2023-02-21 13:15:00+05:30,4920.0,4923.7998046875,4899.5,4903.89990234375,4903.89990234375,24755
2023-02-21 14:15:00+05:30,4903.5,4910.14990234375,4870.0,4876.9501953125,4876.9501953125,64436
2023-02-21 15:15:00+05:30,4876.9501953125,4885.0,4871.2001953125,4882.0,4882.0,24093
2023-02-22 09:15:00+05:30,4810.10009765625,4810.7001953125,4759.0,4808.0498046875,4808.0498046875,0
2023-02-22 10:15:00+05:30,4810.0,4811.25,4775.0,4787.0498046875,4787.0498046875,70312
2023-02-22 11:15:00+05:30,4786.2001953125,4797.5498046875,4775.0,4796.0,4796.0,41709
2023-02-22 12:15:00+05:30,4795.10009765625,4815.0,4794.10009765625,4807.0,4807.0,51913
2023-02-22 13:15:00+05:30,4805.64990234375,4810.0,4791.0,4795.0,4795.0,34613
2023-02-22 14:15:00+05:30,4797.5,4806.0,4781.35009765625,4805.0,4805.0,55644
2023-02-22 15:15:00+05:30,4807.5498046875,4815.0,4803.5,4805.2998046875,4805.2998046875,25981
2023-02-23 09:15:00+05:30,4829.2998046875,4857.60009765625,4765.25,4830.0,4830.0,0
2023-02-23 10:15:00+05:30,4830.0,4855.0,4810.0,4850.0,4850.0,58463
2023-02-23 11:15:00+05:30,4850.0,4854.2998046875,4840.5,4850.0,4850.0,45723
2023-02-23 12:15:00+05:30,4850.0,4851.7001953125,4826.85009765625,4848.5,4848.5,45479
2023-02-23 13:15:00+05:30,4848.9501953125,4869.0,4843.7001953125,4862.5,4862.5,41743
2023-02-23 14:15:00+05:30,4862.5498046875,4865.0,4842.0,4851.7001953125,4851.7001953125,76881
2023-02-23 15:15:00+05:30,4851.5498046875,4867.85009765625,4848.0498046875,4853.60009765625,4853.60009765625,28281
2023-02-24 09:15:00+05:30,4874.75,4947.2998046875,4845.5,4849.10009765625,4849.10009765625,0
2023-02-24 10:15:00+05:30,4850.0498046875,4872.75,4847.64990234375,4863.0,4863.0,18593
2023-02-24 11:15:00+05:30,4865.0,4867.0,4823.60009765625,4851.5498046875,4851.5498046875,34171
2023-02-24 12:15:00+05:30,4852.0,4854.5498046875,4844.4501953125,4851.0,4851.0,33000
2023-02-24 13:15:00+05:30,4851.10009765625,4881.5498046875,4849.0,4863.9501953125,4863.9501953125,52110
2023-02-24 14:15:00+05:30,4862.5,4875.0,4835.39990234375,4854.0,4854.0,51116
2023-02-24 15:15:00+05:30,4862.5498046875,4862.5498046875,4849.10009765625,4853.5498046875,4853.5498046875,27746
2023-02-27 09:15:00+05:30,4808.5,4837.7001953125,4730.0,4760.89990234375,4760.89990234375,0
2023-02-27 10:15:00+05:30,4759.64990234375,4779.7998046875,4679.0498046875,4779.75,4779.75,118181
2023-02-27 11:15:00+05:30,4779.75,4784.64990234375,4748.2001953125,4772.0,4772.0,73544
2023-02-27 12:15:00+05:30,4771.85009765625,4798.4501953125,4760.7998046875,4783.5,4783.5,27025
2023-02-27 13:15:00+05:30,4784.85009765625,4797.5,4775.0,4784.75,4784.75,29195
2023-02-27 14:15:00+05:30,4784.4501953125,4799.0,4774.89990234375,4775.0,4775.0,59037
2023-02-27 15:15:00+05:30,4775.0498046875,4781.5,4762.75,4775.0,4775.0,34579
2023-02-28 09:15:00+05:30,4788.7001953125,4854.7998046875,4760.5,4810.5498046875,4810.5498046875,0
2023-02-28 10:15:00+05:30,4811.0,4824.9501953125,4808.10009765625,4817.60009765625,4817.60009765625,24735
2023-02-28 11:15:00+05:30,4817.5,4834.0,4808.0,4828.25,4828.25,17642
2023-02-28 12:15:00+05:30,4827.0498046875,4830.0,4807.5498046875,4815.0,4815.0,27963
2023-02-28 13:15:00+05:30,4815.0,4815.39990234375,4756.75,4771.10009765625,4771.10009765625,57241
2023-02-28 14:15:00+05:30,4769.9501953125,4775.0,4717.5,4723.39990234375,4723.39990234375,173083
2023-02-28 15:15:00+05:30,4723.35009765625,4723.39990234375,4707.0,4707.0,4707.0,120934
2023-03-01 09:15:00+05:30,4741.0,4769.85009765625,4710.0,4728.25,4728.25,0
2023-03-01 10:15:00+05:30,4728.25,4736.0,4711.0,4717.7998046875,4717.7998046875,23438
2023-03-01 11:15:00+05:30,4717.7998046875,4748.2001953125,4717.0,4733.64990234375,4733.64990234375,28981
2023-03-01 12:15:00+05:30,4733.64990234375,4742.0,4723.0498046875,4740.4501953125,4740.4501953125,26145
2023-03-01 13:15:00+05:30,4740.4501953125,4749.0,4721.0,4736.0,4736.0,34724
2023-03-01 14:15:00+05:30,4736.0,4752.0498046875,4721.7001953125,4751.7998046875,4751.7998046875,58590
2023-03-01 15:15:00+05:30,4751.0,4751.7001953125,4735.39990234375,4744.0,4744.0,28407
2023-03-02 09:15:00+05:30,4705.0,4705.0,4653.2998046875,4658.5498046875,4658.5498046875,0
2023-03-02 10:15:00+05:30,4658.5498046875,4672.14990234375,4650.0,4662.0,4662.0,42672
2023-03-02 11:15:00+05:30,4662.2998046875,4698.0,4658.7998046875,4690.10009765625,4690.10009765625,34010
2023-03-02 12:15:00+05:30,4691.5,4703.89990234375,4676.2998046875,4700.0498046875,4700.0498046875,35529
2023-03-02 13:15:00+05:30,4700.10009765625,4705.4501953125,4685.0,4696.0,4696.0,31718
2023-03-02 14:15:00+05:30,4696.60009765625,4705.0,4690.0,4705.0,4705.0,33923
2023-03-02 15:15:00+05:30,4706.0,4714.9501953125,4690.0498046875,4690.10009765625,4690.10009765625,22750
2023-03-03 09:15:00+05:30,4737.89990234375,4757.0,4686.0498046875,4688.89990234375,4688.89990234375,0
2023-03-03 10:15:00+05:30,4688.89990234375,4719.89990234375,4687.39990234375,4711.5,4711.5,29541
2023-03-03 11:15:00+05:30,4712.0,4729.5,4707.5498046875,4727.5,4727.5,30110
2023-03-03 12:15:00+05:30,4725.10009765625,4729.5,4710.0498046875,4710.0498046875,4710.0498046875,49381
2023-03-03 13:15:00+05:30,4710.4501953125,4727.7001953125,4706.0,4709.0,4709.0,32264
2023-03-03 14:15:00+05:30,4710.2998046875,4728.0,4707.0,4712.7001953125,4712.7001953125,59542
2023-03-03 15:15:00+05:30,4712.14990234375,4712.7998046875,4700.0,4710.35009765625,4710.35009765625,23086
2023-03-06 09:15:00+05:30,4761.0498046875,4845.0,4761.0498046875,4815.89990234375,4815.89990234375,0
2023-03-06 10:15:00+05:30,4817.14990234375,4821.7998046875,4784.0,4790.0,4790.0,38719
2023-03-06 11:15:00+05:30,4790.0,4790.0,4771.0,4780.5,4780.5,25027
2023-03-06 12:15:00+05:30,4780.0,4790.0,4772.0,4785.0,4785.0,33169
2023-03-06 13:15:00+05:30,4785.0498046875,4804.7998046875,4780.7001953125,4794.9501953125,4794.9501953125,44115
2023-03-06 14:15:00+05:30,4792.4501953125,4830.0,4791.7001953125,4824.60009765625,4824.60009765625,85974
2023-03-06 15:15:00+05:30,4824.64990234375,4827.0,4804.75,4821.2001953125,4821.2001953125,44109
2023-03-08 09:15:00+05:30,4770.0,4771.25,4726.2998046875,4752.60009765625,4752.60009765625,0
2023-03-08 10:15:00+05:30,4752.60009765625,4768.0,4750.0,4765.0,4765.0,21050
2023-03-08 11:15:00+05:30,4763.5498046875,4776.7998046875,4750.5,4753.0,4753.0,17655
2023-03-08 12:15:00+05:30,4754.35009765625,4758.7998046875,4750.0,4756.60009765625,4756.60009765625,27802
2023-03-08 13:15:00+05:30,4755.14990234375,4770.0,4752.0498046875,4760.5,4760.5,16777
2023-03-08 14:15:00+05:30,4761.10009765625,4780.0,4760.5,4779.4501953125,4779.4501953125,29264
2023-03-08 15:15:00+05:30,4779.7001953125,4798.14990234375,4775.0,4781.4501953125,4781.4501953125,21864
2023-03-09 09:15:00+05:30,4797.9501953125,4819.0,4781.2001953125,4805.0,4805.0,0
2023-03-09 10:15:00+05:30,4805.5498046875,4806.5498046875,4786.10009765625,4795.0,4795.0,16910
2023-03-09 11:15:00+05:30,4795.0,4796.0,4760.0,4775.2001953125,4775.2001953125,20253
2023-03-09 12:15:00+05:30,4774.7998046875,4778.0,4749.9501953125,4751.2001953125,4751.2001953125,38704
2023-03-09 13:15:00+05:30,4751.2001953125,4760.0,4748.0,4750.0,4750.0,33005
2023-03-09 14:15:00+05:30,4750.0,4757.25,4730.0,4733.7998046875,4733.7998046875,48301
2023-03-09 15:15:00+05:30,4733.7998046875,4741.2001953125,4720.0,4738.0,4738.0,20632
2023-03-10 09:15:00+05:30,4653.35009765625,4666.7001953125,4600.10009765625,4630.39990234375,4630.39990234375,0
2023-03-10 10:15:00+05:30,4630.5498046875,4660.0,4628.5,4652.9501953125,4652.9501953125,28740
2023-03-10 11:15:00+05:30,4653.14990234375,4655.0,4620.5,4622.5498046875,4622.5498046875,45231
2023-03-10 12:15:00+05:30,4623.5498046875,4626.14990234375,4606.2001953125,4621.0498046875,4621.0498046875,54844
2023-03-10 13:15:00+05:30,4621.5498046875,4639.0,4620.0,4635.0,4635.0,57065
2023-03-10 14:15:00+05:30,4635.25,4647.0,4624.0498046875,4644.5498046875,4644.5498046875,45230
2023-03-10 15:15:00+05:30,4644.5498046875,4646.64990234375,4635.0,4640.10009765625,4640.10009765625,20569
2023-03-13 09:15:00+05:30,4643.0,4715.5498046875,4631.0,4652.25,4652.25,0
2023-03-13 10:15:00+05:30,4653.25,4661.85009765625,4635.0,4652.2001953125,4652.2001953125,19798
2023-03-13 11:15:00+05:30,4650.0,4657.0,4645.75,4650.0,4650.0,17608
2023-03-13 12:15:00+05:30,4649.9501953125,4678.0,4647.0,4660.0,4660.0,28376
2023-03-13 13:15:00+05:30,4660.0,4668.64990234375,4649.10009765625,4651.14990234375,4651.14990234375,26792
2023-03-13 14:15:00+05:30,4651.14990234375,4657.7001953125,4603.35009765625,4613.75,4613.75,72045
2023-03-13 15:15:00+05:30,4613.64990234375,4627.7998046875,4606.10009765625,4616.0,4616.0,20005
2023-03-14 09:15:00+05:30,4592.0,4649.85009765625,4501.14990234375,4501.64990234375,4501.64990234375,0
2023-03-14 10:15:00+05:30,4500.35009765625,4525.0,4483.10009765625,4510.0,4510.0,110234
2023-03-14 11:15:00+05:30,4509.0498046875,4554.0,4507.89990234375,4550.0,4550.0,65726
2023-03-14 12:15:00+05:30,4550.35009765625,4579.0,4548.7998046875,4555.7001953125,4555.7001953125,69281
2023-03-14 13:15:00+05:30,4555.9501953125,4568.89990234375,4548.0,4557.0498046875,4557.0498046875,29765
2023-03-14 14:15:00+05:30,4556.0,4576.5498046875,4555.0,4565.4501953125,4565.4501953125,38054
2023-03-14 15:15:00+05:30,4564.60009765625,4580.0,4564.60009765625,4566.9501953125,4566.9501953125,14815
2023-03-15 09:15:00+05:30,4589.9501953125,4678.0,4585.0498046875,4592.0,4592.0,0
2023-03-15 10:15:00+05:30,4590.10009765625,4611.0,4585.0,4598.89990234375,4598.89990234375,31281
2023-03-15 11:15:00+05:30,4598.0498046875,4605.0,4592.14990234375,4595.0,4595.0,28186
2023-03-15 12:15:00+05:30,4592.39990234375,4619.64990234375,4592.39990234375,4603.35009765625,4603.35009765625,41948
2023-03-15 13:15:00+05:30,4601.0,4608.75,4592.0498046875,4602.5,4602.5,23776
2023-03-15 14:15:00+05:30,4602.4501953125,4610.35009765625,4594.0,4600.10009765625,4600.10009765625,57630
2023-03-15 15:15:00+05:30,4601.0498046875,4601.0498046875,4566.10009765625,4581.89990234375,4581.89990234375,23871
2023-03-16 09:15:00+05:30,4575.2998046875,4580.0,4480.0,4520.2001953125,4520.2001953125,0
2023-03-16 10:15:00+05:30,4520.2001953125,4560.0,4518.85009765625,4552.0,4552.0,92795
2023-03-16 11:15:00+05:30,4553.10009765625,4572.39990234375,4550.0,4561.4501953125,4561.4501953125,39287
2023-03-16 12:15:00+05:30,4561.4501953125,4590.64990234375,4560.0,4580.5,4580.5,24813
2023-03-16 13:15:00+05:30,4581.5,4603.64990234375,4556.2001953125,4590.0,4590.0,37231
2023-03-16 14:15:00+05:30,4589.2001953125,4599.25,4550.0,4551.0,4551.0,46816
2023-03-16 15:15:00+05:30,4551.5498046875,4560.7998046875,4550.0,4558.0,4558.0,29589
2023-03-17 09:15:00+05:30,4702.10009765625,4715.0,4653.89990234375,4710.75,4710.75,0
2023-03-17 10:15:00+05:30,4710.64990234375,4731.89990234375,4706.75,4714.9501953125,4714.9501953125,89844
2023-03-17 11:15:00+05:30,4713.4501953125,4750.0,4710.35009765625,4733.0,4733.0,97767
2023-03-17 12:15:00+05:30,4732.5498046875,4734.85009765625,4715.9501953125,4723.85009765625,4723.85009765625,66570
2023-03-17 13:15:00+05:30,4721.64990234375,4749.5,4721.10009765625,4738.0,4738.0,64311
2023-03-17 14:15:00+05:30,4738.0,4746.89990234375,4660.14990234375,4660.14990234375,4660.14990234375,333816
2023-03-17 15:15:00+05:30,4660.10009765625,4722.25,4638.0,4670.0,4670.0,347911
2023-03-20 09:15:00+05:30,4600.0,4660.0,4600.0,4640.0,4640.0,0
2023-03-20 10:15:00+05:30,4640.0,4696.9501953125,4638.0,4689.64990234375,4689.64990234375,47794
2023-03-20 11:15:00+05:30,4690.9501953125,4707.0,4674.0,4678.0,4678.0,32468
2023-03-20 12:15:00+05:30,4678.25,4680.5498046875,4657.5,4662.0,4662.0,41782
2023-03-20 13:15:00+05:30,4663.2998046875,4667.85009765625,4648.9501953125,4650.14990234375,4650.14990234375,34498
2023-03-20 14:15:00+05:30,4650.0498046875,4688.89990234375,4642.0,4685.10009765625,4685.10009765625,50417
2023-03-20 15:15:00+05:30,4687.5498046875,4700.0,4671.25,4678.25,4678.25,29500
2023-03-21 09:15:00+05:30,4695.0498046875,4721.64990234375,4647.75,4664.10009765625,4664.10009765625,0
2023-03-21 10:15:00+05:30,4664.10009765625,4685.85009765625,4660.5,4675.0,4675.0,29329
2023-03-21 11:15:00+05:30,4674.9501953125,4682.85009765625,4659.75,4662.0,4662.0,23295
2023-03-21 12:15:00+05:30,4660.10009765625,4682.0,4660.0,4677.60009765625,4677.60009765625,15303
2023-03-21 13:15:00+05:30,4676.35009765625,4682.0498046875,4665.0,4669.25,4669.25,32208
2023-03-21 14:15:00+05:30,4670.7998046875,4679.64990234375,4669.0,4674.0,4674.0,62879
2023-03-21 15:15:00+05:30,4674.10009765625,4690.0,4666.5498046875,4674.10009765625,4674.10009765625,42405
2023-03-22 09:15:00+05:30,4715.0,4795.0,4702.0,4707.0,4707.0,0
2023-03-22 10:15:00+05:30,4707.0498046875,4721.2998046875,4685.0,4706.4501953125,4706.4501953125,43466
2023-03-22 11:15:00+05:30,4706.4501953125,4714.0,4680.0,4698.85009765625,4698.85009765625,32238
2023-03-22 12:15:00+05:30,4698.85009765625,4713.7998046875,4663.5498046875,4670.0,4670.0,50071
2023-03-22 13:15:00+05:30,4670.0,4672.0,4645.39990234375,4651.14990234375,4651.14990234375,51667
2023-03-22 14:15:00+05:30,4651.14990234375,4663.9501953125,4635.0,4651.89990234375,4651.89990234375,56916
2023-03-22 15:15:00+05:30,4652.0,4658.4501953125,4649.75,4649.75,4649.75,24911
2023-03-23 09:15:00+05:30,4610.0,4647.9501953125,4542.5,4576.0,4576.0,0
2023-03-23 10:15:00+05:30,4576.0,4578.9501953125,4555.0,4568.4501953125,4568.4501953125,46054
2023-03-23 11:15:00+05:30,4568.4501953125,4585.0,4565.0498046875,4580.10009765625,4580.10009765625,39177
2023-03-23 12:15:00+05:30,4581.0,4594.85009765625,4578.9501953125,4587.0,4587.0,36152
2023-03-23 13:15:00+05:30,4588.4501953125,4606.4501953125,4585.9501953125,4595.2001953125,4595.2001953125,45925
2023-03-23 14:15:00+05:30,4595.25,4610.39990234375,4594.0498046875,4604.14990234375,4604.14990234375,60468
2023-03-23 15:15:00+05:30,4603.75,4608.7001953125,4600.0,4600.7998046875,4600.7998046875,21302
2023-03-24 09:15:00+05:30,4648.75,4713.0,4632.39990234375,4695.0,4695.0,0
2023-03-24 10:15:00+05:30,4695.0,4700.0,4641.0,4664.5,4664.5,76769
2023-03-24 11:15:00+05:30,4664.35009765625,4674.85009765625,4646.0,4654.35009765625,4654.35009765625,38681
2023-03-24 12:15:00+05:30,4654.35009765625,4664.64990234375,4646.0,4657.9501953125,4657.9501953125,35569
2023-03-24 13:15:00+05:30,4657.5,4670.0,4621.89990234375,4641.0498046875,4641.0498046875,47556
2023-03-24 14:15:00+05:30,4641.0498046875,4644.0498046875,4597.9501953125,4600.5498046875,4600.5498046875,78968
2023-03-24 15:15:00+05:30,4600.5498046875,4607.7998046875,4588.89990234375,4601.4501953125,4601.4501953125,0
2023-03-27 09:15:00+05:30,4610.0498046875,4663.4501953125,4601.7998046875,4631.14990234375,4631.14990234375,0
2023-03-27 10:15:00+05:30,4631.2001953125,4633.64990234375,4583.25,4591.14990234375,4591.14990234375,33398
2023-03-27 11:15:00+05:30,4591.14990234375,4617.0,4587.7998046875,4611.4501953125,4611.4501953125,28715
2023-03-27 12:15:00+05:30,4611.89990234375,4621.5,4594.2998046875,4596.85009765625,4596.85009765625,26115
2023-03-27 13:15:00+05:30,4598.35009765625,4604.7998046875,4575.0,4595.10009765625,4595.10009765625,34748
2023-03-27 14:15:00+05:30,4594.60009765625,4599.9501953125,4550.0498046875,4552.5498046875,4552.5498046875,43473
2023-03-27 15:15:00+05:30,4552.5498046875,4569.5498046875,4552.5498046875,4557.7001953125,4557.7001953125,24572
2023-03-28 09:15:00+05:30,4568.9501953125,4583.5,4516.2998046875,4572.10009765625,4572.10009765625,0
2023-03-28 10:15:00+05:30,4572.5,4581.0,4561.0,4574.7001953125,4574.7001953125,25255
2023-03-28 11:15:00+05:30,4574.7001953125,4612.4501953125,4570.0,4575.7001953125,4575.7001953125,69249
2023-03-28 12:15:00+05:30,4576.75,4578.60009765625,4544.5,4551.75,4551.75,40496
2023-03-28 13:15:00+05:30,4551.5498046875,4558.0,4548.0,4553.9501953125,4553.9501953125,21837
2023-03-28 14:15:00+05:30,4553.9501953125,4569.10009765625,4545.7998046875,4552.60009765625,4552.60009765625,59097
2023-03-28 15:15:00+05:30,4550.0,4559.85009765625,4548.0,4554.89990234375,4554.89990234375,21538
2023-03-29 09:15:00+05:30,4569.9501953125,4588.0,4550.0,4577.0,4577.0,0
2023-03-29 10:15:00+05:30,4577.0,4585.0,4551.64990234375,4558.5,4558.5,31167
2023-03-29 11:15:00+05:30,4556.4501953125,4616.75,4548.85009765625,4598.60009765625,4598.60009765625,52167
2023-03-29 12:15:00+05:30,4600.85009765625,4630.0,4598.10009765625,4628.25,4628.25,32540
2023-03-29 13:15:00+05:30,4628.39990234375,4629.0,4605.0,4611.9501953125,4611.9501953125,28936
2023-03-29 14:15:00+05:30,4611.35009765625,4622.0498046875,4593.0498046875,4617.0498046875,4617.0498046875,75043
2023-03-29 15:15:00+05:30,4617.0,4662.9501953125,4617.0,4658.0,4658.0,52072
2023-03-31 09:15:00+05:30,4643.64990234375,4697.5,4633.64990234375,4667.39990234375,4667.39990234375,0
2023-03-31 10:15:00+05:30,4665.0,4707.9501953125,4645.60009765625,4685.35009765625,4685.35009765625,34183
2023-03-31 11:15:00+05:30,4685.5,4708.0,4680.64990234375,4698.0,4698.0,27915
2023-03-31 12:15:00+05:30,4698.0,4713.0,4687.35009765625,4705.60009765625,4705.60009765625,51427
2023-03-31 13:15:00+05:30,4703.5498046875,4725.0,4692.2001953125,4723.5,4723.5,24444
2023-03-31 14:15:00+05:30,4723.35009765625,4777.4501953125,4722.0,4768.4501953125,4768.4501953125,78635
2023-03-31 15:15:00+05:30,4768.0,4770.0,4745.0,4759.64990234375,4759.64990234375,41579
2023-04-03 09:15:00+05:30,4770.0,4778.39990234375,4710.2001953125,4719.35009765625,4719.35009765625,0
2023-04-03 10:15:00+05:30,4719.35009765625,4732.4501953125,4702.0,4707.0,4707.0,44966
2023-04-03 11:15:00+05:30,4706.5,4737.60009765625,4700.0,4728.89990234375,4728.89990234375,39445
2023-04-03 12:15:00+05:30,4728.0,4733.7998046875,4707.60009765625,4708.5498046875,4708.5498046875,13145
2023-04-03 13:15:00+05:30,4708.5498046875,4728.0,4700.0,4713.2001953125,4713.2001953125,40922
2023-04-03 14:15:00+05:30,4713.25,4742.75,4710.0,4741.0,4741.0,48851
2023-04-03 15:15:00+05:30,4741.5,4752.75,4736.89990234375,4739.85009765625,4739.85009765625,14564
2023-04-05 09:15:00+05:30,4725.0,4745.0,4710.7998046875,4735.10009765625,4735.10009765625,0
2023-04-05 10:15:00+05:30,4735.4501953125,4763.9501953125,4733.0498046875,4751.9501953125,4751.9501953125,41899
2023-04-05 11:15:00+05:30,4751.5,4758.9501953125,4740.10009765625,4754.14990234375,4754.14990234375,66561
2023-04-05 12:15:00+05:30,4756.25,4780.0,4741.25,4775.89990234375,4775.89990234375,52796
2023-04-05 13:15:00+05:30,4778.35009765625,4814.0,4772.5,4809.7001953125,4809.7001953125,69959
2023-04-05 14:15:00+05:30,4806.75,4848.0,4805.10009765625,4832.0498046875,4832.0498046875,125656
2023-04-05 15:15:00+05:30,4832.0498046875,4839.75,4826.0,4827.0,4827.0,27257
2023-04-06 09:15:00+05:30,4835.4501953125,4835.4501953125,4770.0,4821.9501953125,4821.9501953125,0
2023-04-06 10:15:00+05:30,4820.0,4828.0,4780.2998046875,4784.39990234375,4784.39990234375,22497
2023-04-06 11:15:00+05:30,4784.39990234375,4784.64990234375,4755.0,4769.7001953125,4769.7001953125,26602
2023-04-06 12:15:00+05:30,4769.7001953125,4777.75,4763.35009765625,4770.0,4770.0,11809
2023-04-06 13:15:00+05:30,4770.0,4772.0,4751.7001953125,4758.5498046875,4758.5498046875,18247
2023-04-06 14:15:00+05:30,4759.7998046875,4778.0,4758.5498046875,4771.0498046875,4771.0498046875,22603
2023-04-06 15:15:00+05:30,4771.0,4779.9501953125,4767.0498046875,4779.0,4779.0,17763
2023-04-10 09:15:00+05:30,4784.0,4808.5,4770.0,4782.85009765625,4782.85009765625,0
2023-04-10 10:15:00+05:30,4784.89990234375,4788.7998046875,4764.0498046875,4777.0,4777.0,18123
2023-04-10 11:15:00+05:30,4777.0,4782.35009765625,4754.0498046875,4777.89990234375,4777.89990234375,29962
2023-04-10 12:15:00+05:30,4777.0498046875,4802.9501953125,4773.5,4790.64990234375,4790.64990234375,55503
2023-04-10 13:15:00+05:30,4789.5,4802.64990234375,4784.5,4799.9501953125,4799.9501953125,19602
2023-04-10 14:15:00+05:30,4798.7001953125,4802.75,4793.14990234375,4794.7998046875,4794.7998046875,43077
2023-04-10 15:15:00+05:30,4794.7998046875,4799.89990234375,4785.75,4792.0,4792.0,10894
2023-04-11 09:15:00+05:30,4799.9501953125,4799.9501953125,4755.75,4776.10009765625,4776.10009765625,0
2023-04-11 10:15:00+05:30,4776.10009765625,4778.2998046875,4753.0,4753.2998046875,4753.2998046875,21609
2023-04-11 11:15:00+05:30,4753.7001953125,4765.0,4745.2998046875,4756.7001953125,4756.7001953125,33378
2023-04-11 12:15:00+05:30,4759.7998046875,4759.7998046875,4730.2998046875,4730.7998046875,4730.7998046875,20453
2023-04-11 13:15:00+05:30,4730.7998046875,4750.75,4726.2001953125,4747.25,4747.25,19542
2023-04-11 14:15:00+05:30,4747.2998046875,4775.0,4746.0,4774.75,4774.75,38285
2023-04-11 15:15:00+05:30,4775.0,4781.9501953125,4761.75,4772.39990234375,4772.39990234375,16289
2023-04-12 09:15:00+05:30,4750.35009765625,4793.7001953125,4750.35009765625,4784.9501953125,4784.9501953125,0
2023-04-12 10:15:00+05:30,4784.9501953125,4791.5498046875,4753.5498046875,4759.2001953125,4759.2001953125,36372
2023-04-12 11:15:00+05:30,4760.39990234375,4793.0,4756.39990234375,4789.7001953125,4789.7001953125,29816
2023-04-12 12:15:00+05:30,4789.7001953125,4792.14990234375,4785.0,4787.2001953125,4787.2001953125,35567
2023-04-12 13:15:00+05:30,4786.4501953125,4820.85009765625,4785.5,4814.9501953125,4814.9501953125,68091
2023-04-12 14:15:00+05:30,4813.39990234375,4834.60009765625,4811.7998046875,4834.5,4834.5,56673
2023-04-12 15:15:00+05:30,4834.5,4837.0,4821.0498046875,4830.0,4830.0,22865
2023-04-13 09:15:00+05:30,4763.85009765625,4771.2001953125,4672.0,4681.4501953125,4681.4501953125,0
2023-04-13 10:15:00+05:30,4680.75,4688.0,4628.2998046875,4636.2998046875,4636.2998046875,144700
2023-04-13 11:15:00+05:30,4636.2998046875,4659.9501953125,4630.0,4648.4501953125,4648.4501953125,91627
2023-04-13 12:15:00+05:30,4648.4501953125,4649.0,4616.39990234375,4640.0,4640.0,123748
2023-04-13 13:15:00+05:30,4640.0,4645.0,4626.35009765625,4637.89990234375,4637.89990234375,118093
2023-04-13 14:15:00+05:30,4638.0,4649.0,4633.0,4647.0,4647.0,118230
2023-04-13 15:15:00+05:30,4647.0,4653.89990234375,4631.0,4638.0,4638.0,73319
2023-04-17 09:15:00+05:30,4474.64990234375,4474.64990234375,4181.7998046875,4278.5,4278.5,0
2023-04-17 10:15:00+05:30,4277.60009765625,4293.0,4256.5,4285.0498046875,4285.0498046875,223592
2023-04-17 11:15:00+05:30,4285.0,4293.2001953125,4276.39990234375,4289.89990234375,4289.89990234375,152660
2023-04-17 12:15:00+05:30,4289.10009765625,4302.64990234375,4285.0,4295.7001953125,4295.7001953125,93737
2023-04-17 13:15:00+05:30,4297.0,4325.0,4295.0,4324.60009765625,4324.60009765625,185431
2023-04-17 14:15:00+05:30,4324.64990234375,4348.0,4309.9501953125,4329.4501953125,4329.4501953125,240556
2023-04-17 15:15:00+05:30,4329.4501953125,4329.5,4320.0,4321.5,4321.5,82306
2023-04-18 09:15:00+05:30,4361.0,4365.0,4270.0,4276.89990234375,4276.89990234375,236698
2023-04-18 10:15:00+05:30,4276.7998046875,4276.89990234375,4238.2998046875,4269.5498046875,4269.5498046875,114446
2023-04-18 11:15:00+05:30,4269.25,4300.75,4247.2001953125,4294.7001953125,4294.7001953125,147576
2023-04-18 12:15:00+05:30,4294.7001953125,4314.85009765625,4286.2998046875,4306.10009765625,4306.10009765625,51630
2023-04-18 13:15:00+05:30,4305.0,4307.85009765625,4285.0,4295.0498046875,4295.0498046875,67547
2023-04-18 14:15:00+05:30,4294.5498046875,4323.75,4289.4501953125,4322.89990234375,4322.89990234375,99467
2023-04-18 15:15:00+05:30,4321.0,4328.9501953125,4311.9501953125,4318.60009765625,4318.60009765625,53925
2023-04-19 09:15:00+05:30,4322.5498046875,4351.7001953125,4246.75,4256.7998046875,4256.7998046875,0
2023-04-19 10:15:00+05:30,4256.7998046875,4257.25,4231.0,4238.10009765625,4238.10009765625,116175
2023-04-19 11:15:00+05:30,4238.10009765625,4239.9501953125,4215.0498046875,4229.60009765625,4229.60009765625,83859
2023-04-19 12:15:00+05:30,4230.0,4255.75,4225.0,4246.25,4246.25,81812
2023-04-19 13:15:00+05:30,4246.25,4248.89990234375,4220.0,4222.0,4222.0,67952
2023-04-19 14:15:00+05:30,4221.9501953125,4222.89990234375,4190.0,4190.0498046875,4190.0498046875,155609
2023-04-19 15:15:00+05:30,4190.0,4195.5,4178.25,4194.5498046875,4194.5498046875,0
2023-04-20 09:15:00+05:30,4199.75,4241.9501953125,4179.75,4225.0,4225.0,185977
2023-04-20 10:15:00+05:30,4224.7998046875,4233.9501953125,4216.0,4224.35009765625,4224.35009765625,31129
2023-04-20 11:15:00+05:30,4223.39990234375,4228.7998046875,4207.0,4207.0,4207.0,25155
2023-04-20 12:15:00+05:30,4206.64990234375,4214.25,4173.0,4179.85009765625,4179.85009765625,51163
2023-04-20 13:15:00+05:30,4179.2001953125,4182.0,4143.64990234375,4144.0,4144.0,99349
2023-04-20 14:15:00+05:30,4143.9501953125,4160.0,4136.10009765625,4154.25,4154.25,114111
2023-04-20 15:15:00+05:30,4154.89990234375,4159.5,4150.60009765625,4151.0,4151.0,41763
2023-04-21 09:15:00+05:30,4169.64990234375,4213.39990234375,4153.14990234375,4156.5,4156.5,0
2023-04-21 10:15:00+05:30,4155.7001953125,4157.35009765625,4132.2001953125,4139.9501953125,4139.9501953125,61256
2023-04-21 11:15:00+05:30,4137.9501953125,4147.2001953125,4132.4501953125,4142.85009765625,4142.85009765625,40743
2023-04-21 12:15:00+05:30,4143.2998046875,4154.64990234375,4135.0,4141.60009765625,4141.60009765625,67736
2023-04-21 13:15:00+05:30,4141.9501953125,4175.0,4141.60009765625,4155.9501953125,4155.9501953125,55508
2023-04-21 14:15:00+05:30,4156.5,4178.85009765625,4141.39990234375,4170.0498046875,4170.0498046875,95981
2023-04-21 15:15:00+05:30,4170.10009765625,4179.4501953125,4156.0,4170.85009765625,4170.85009765625,0
2023-04-24 09:15:00+05:30,4195.0,4198.85009765625,4149.2001953125,4188.0,4188.0,0
2023-04-24 10:15:00+05:30,4187.5,4211.4501953125,4183.7998046875,4203.0498046875,4203.0498046875,62847
2023-04-24 11:15:00+05:30,4203.0,4207.10009765625,4198.0,4198.75,4198.75,24071
2023-04-24 12:15:00+05:30,4198.60009765625,4204.5,4196.0,4202.14990234375,4202.14990234375,16364
2023-04-24 13:15:00+05:30,4201.7001953125,4203.2001953125,4179.4501953125,4189.10009765625,4189.10009765625,25396
2023-04-24 14:15:00+05:30,4189.10009765625,4192.0,4179.85009765625,4183.0498046875,4183.0498046875,37613
2023-04-24 15:15:00+05:30,4183.0498046875,4186.2001953125,4175.75,4183.4501953125,4183.4501953125,39233
2023-04-25 09:15:00+05:30,4212.5,4219.89990234375,4175.4501953125,4192.85009765625,4192.85009765625,0
2023-04-25 10:15:00+05:30,4192.7998046875,4205.9501953125,4185.0,4195.10009765625,4195.10009765625,58154
2023-04-25 11:15:00+05:30,4196.75,4201.75,4191.39990234375,4194.64990234375,4194.64990234375,25650
2023-04-25 12:15:00+05:30,4195.0,4199.2001953125,4191.0,4196.9501953125,4196.9501953125,17332
2023-04-25 13:15:00+05:30,4196.89990234375,4201.10009765625,4192.0,4198.0,4198.0,29746
2023-04-25 14:15:00+05:30,4198.0,4200.10009765625,4181.89990234375,4182.25,4182.25,50717
2023-04-25 15:15:00+05:30,4182.2998046875,4189.85009765625,4179.9501953125,4179.9501953125,4179.9501953125,37884
2023-04-26 09:15:00+05:30,4183.89990234375,4217.0498046875,4168.0,4205.0498046875,4205.0498046875,0
2023-04-26 10:15:00+05:30,4206.0,4208.5,4173.0498046875,4188.89990234375,4188.89990234375,114441
2023-04-26 11:15:00+05:30,4188.89990234375,4195.0,4177.9501953125,4183.2001953125,4183.2001953125,31336
2023-04-26 12:15:00+05:30,4182.75,4185.0,4154.10009765625,4176.75,4176.75,66975
2023-04-26 13:15:00+05:30,4175.0498046875,4176.5,4153.0498046875,4164.39990234375,4164.39990234375,52669
2023-04-26 14:15:00+05:30,4164.39990234375,4166.89990234375,4155.64990234375,4160.0,4160.0,91997
2023-04-26 15:15:00+05:30,4159.9501953125,4161.0,4155.0,4157.0,4157.0,43889
2023-04-27 09:15:00+05:30,4188.5498046875,4224.0,4164.35009765625,4224.0,4224.0,0
2023-04-27 10:15:00+05:30,4224.0,4306.0,4218.0498046875,4287.0,4287.0,179071
2023-04-27 11:15:00+05:30,4287.0,4327.0,4284.0,4322.0,4322.0,145302
2023-04-27 12:15:00+05:30,4320.60009765625,4351.64990234375,4303.7998046875,4304.85009765625,4304.85009765625,159495
2023-04-27 13:15:00+05:30,4303.85009765625,4333.2998046875,4303.0,4313.10009765625,4313.10009765625,79346
2023-04-27 14:15:00+05:30,4313.10009765625,4319.0,4295.2001953125,4317.0,4317.0,118562
2023-04-27 15:15:00+05:30,4316.0,4332.89990234375,4315.60009765625,4320.14990234375,4320.14990234375,50070
2023-04-28 09:15:00+05:30,4335.0,4441.0498046875,4329.0,4370.2001953125,4370.2001953125,0
2023-04-28 10:15:00+05:30,4372.89990234375,4373.60009765625,4338.0,4355.0,4355.0,124077
2023-04-28 11:15:00+05:30,4355.0,4420.0,4353.0,4408.5,4408.5,152810
2023-04-28 12:15:00+05:30,4408.5,4424.0,4400.0,4417.2998046875,4417.2998046875,90800
2023-04-28 13:15:00+05:30,4417.4501953125,4422.0,4400.0,4410.2998046875,4410.2998046875,94761
2023-04-28 14:15:00+05:30,4408.7998046875,4425.0,4402.0,4422.35009765625,4422.35009765625,150573
2023-04-28 15:15:00+05:30,4420.5,4425.0,4410.0,4412.0,4412.0,73617
2023-05-02 09:15:00+05:30,4430.0,4525.0,4424.0498046875,4519.0,4519.0,0
2023-05-02 10:15:00+05:30,4518.14990234375,4615.0,4516.0,4590.0498046875,4590.0498046875,201783
2023-05-02 11:15:00+05:30,4590.0498046875,4595.0,4555.0,4561.60009765625,4561.60009765625,117168
2023-05-02 12:15:00+05:30,4563.14990234375,4586.0,4551.64990234375,4579.64990234375,4579.64990234375,73242
2023-05-02 13:15:00+05:30,4578.60009765625,4583.9501953125,4556.0,4556.75,4556.75,52297
2023-05-02 14:15:00+05:30,4558.0,4559.0,4540.0498046875,4545.0,4545.0,92911
2023-05-02 15:15:00+05:30,4544.9501953125,4561.9501953125,4542.75,4548.25,4548.25,40819
2023-05-03 09:15:00+05:30,4530.0,4532.0,4484.0,4529.0498046875,4529.0498046875,0
2023-05-03 10:15:00+05:30,4529.0498046875,4544.0,4494.0498046875,4503.4501953125,4503.4501953125,71106
2023-05-03 11:15:00+05:30,4503.39990234375,4503.4501953125,4460.0498046875,4487.0,4487.0,54992
2023-05-03 12:15:00+05:30,4487.0,4497.89990234375,4465.2001953125,4471.9501953125,4471.9501953125,36813
2023-05-03 13:15:00+05:30,4470.0498046875,4500.0,4470.0498046875,4498.0,4498.0,32018
2023-05-03 14:15:00+05:30,4497.9501953125,4502.9501953125,4486.5,4499.7998046875,4499.7998046875,61388
2023-05-03 15:15:00+05:30,4498.0498046875,4502.9501953125,4475.0,4483.7998046875,4483.7998046875,34918
2023-05-04 09:15:00+05:30,4480.85009765625,4522.9501953125,4470.0,4477.25,4477.25,101209
2023-05-04 10:15:00+05:30,4474.5,4495.0498046875,4471.0,4478.2998046875,4478.2998046875,49941
2023-05-04 11:15:00+05:30,4478.2998046875,4495.2001953125,4471.2001953125,4486.2001953125,4486.2001953125,39295
2023-05-04 12:15:00+05:30,4486.2001953125,4492.60009765625,4477.0,4489.0498046875,4489.0498046875,36883
2023-05-04 13:15:00+05:30,4489.0498046875,4492.9501953125,4480.0,4483.0,4483.0,29490
2023-05-04 14:15:00+05:30,4483.0,4511.0,4476.5,4503.0498046875,4503.0498046875,56339
2023-05-04 15:15:00+05:30,4503.5,4503.5,4490.0,4501.0498046875,4501.0498046875,0
2023-05-05 09:15:00+05:30,4496.0,4528.0,4474.0498046875,4518.0,4518.0,48208
2023-05-05 10:15:00+05:30,4518.0,4550.0,4510.0,4517.0,4517.0,41544
2023-05-05 11:15:00+05:30,4517.0,4518.9501953125,4496.0,4510.0,4510.0,26887
2023-05-05 12:15:00+05:30,4509.7001953125,4515.0,4481.0,4488.64990234375,4488.64990234375,32031
2023-05-05 13:15:00+05:30,4488.5498046875,4516.0,4486.9501953125,4504.60009765625,4504.60009765625,27409
2023-05-05 14:15:00+05:30,4504.7998046875,4509.7998046875,4485.14990234375,4488.14990234375,4488.14990234375,28271
2023-05-05 15:15:00+05:30,4488.0,4494.5,4476.10009765625,4487.85009765625,4487.85009765625,13262
2023-05-08 09:15:00+05:30,4528.9501953125,4535.0,4490.0498046875,4529.85009765625,4529.85009765625,0
2023-05-08 10:15:00+05:30,4529.7001953125,4533.7998046875,4504.25,4511.9501953125,4511.9501953125,15122
2023-05-08 11:15:00+05:30,4512.0,4521.0,4510.0498046875,4520.0,4520.0,7854
2023-05-08 12:15:00+05:30,4520.0,4527.25,4516.89990234375,4522.9501953125,4522.9501953125,16457
2023-05-08 13:15:00+05:30,4520.9501953125,4530.0,4518.14990234375,4524.5498046875,4524.5498046875,24909
2023-05-08 14:15:00+05:30,4524.5,4529.89990234375,4509.5498046875,4519.0,4519.0,38998
2023-05-08 15:15:00+05:30,4518.7998046875,4522.0,4504.9501953125,4517.7998046875,4517.7998046875,21477
2023-05-09 09:15:00+05:30,4533.39990234375,4600.0,4520.0,4594.35009765625,4594.35009765625,0
2023-05-09 10:15:00+05:30,4595.0,4666.60009765625,4590.5498046875,4632.9501953125,4632.9501953125,169900
2023-05-09 11:15:00+05:30,4632.9501953125,4643.39990234375,4617.14990234375,4627.64990234375,4627.64990234375,66287
2023-05-09 12:15:00+05:30,4627.7001953125,4639.0,4587.2998046875,4595.0,4595.0,60670
2023-05-09 13:15:00+05:30,4595.0,4613.64990234375,4585.0,4602.5,4602.5,55759
2023-05-09 14:15:00+05:30,4602.0498046875,4638.4501953125,4595.5498046875,4626.7998046875,4626.7998046875,59490
2023-05-09 15:15:00+05:30,4626.9501953125,4627.89990234375,4600.2001953125,4622.64990234375,4622.64990234375,30430
2023-05-10 09:15:00+05:30,4632.7998046875,4638.0,4572.39990234375,4587.25,4587.25,0
2023-05-10 10:15:00+05:30,4585.7001953125,4604.89990234375,4575.0,4601.25,4601.25,30886
2023-05-10 11:15:00+05:30,4601.25,4615.0,4592.2001953125,4601.10009765625,4601.10009765625,30389
2023-05-10 12:15:00+05:30,4601.10009765625,4605.0,4580.5,4593.4501953125,4593.4501953125,30279
2023-05-10 13:15:00+05:30,4593.5,4593.60009765625,4575.0,4575.89990234375,4575.89990234375,18850
2023-05-10 14:15:00+05:30,4575.89990234375,4592.75,4575.0,4589.0,4589.0,39368
2023-05-10 15:15:00+05:30,4589.0,4608.0,4588.2001953125,4594.7001953125,4594.7001953125,25852
2023-05-11 09:15:00+05:30,4660.85009765625,4677.85009765625,4630.0,4644.7001953125,4644.7001953125,0
2023-05-11 10:15:00+05:30,4647.0,4663.5,4645.0498046875,4657.25,4657.25,18231
2023-05-11 11:15:00+05:30,4659.60009765625,4664.0,4652.25,4661.10009765625,4661.10009765625,10354
2023-05-11 12:15:00+05:30,4661.0498046875,4682.0,4661.0,4664.35009765625,4664.35009765625,31798
2023-05-11 13:15:00+05:30,4664.39990234375,4667.5,4646.0,4665.0,4665.0,29062
2023-05-11 14:15:00+05:30,4665.0,4667.39990234375,4647.75,4665.0,4665.0,48305
2023-05-11 15:15:00+05:30,4664.5498046875,4664.5498046875,4647.0498046875,4658.2001953125,4658.2001953125,26214
2023-05-12 09:15:00+05:30,4635.0,4652.89990234375,4615.0,4650.0498046875,4650.0498046875,0
2023-05-12 10:15:00+05:30,4650.0498046875,4674.7998046875,4650.0498046875,4666.5498046875,4666.5498046875,22025
2023-05-12 11:15:00+05:30,4669.4501953125,4721.9501953125,4665.0,4700.0498046875,4700.0498046875,64087
2023-05-12 12:15:00+05:30,4701.0,4720.0,4689.0,4698.0498046875,4698.0498046875,33859
2023-05-12 13:15:00+05:30,4698.0498046875,4706.35009765625,4692.0,4702.0498046875,4702.0498046875,12043
2023-05-12 14:15:00+05:30,4703.75,4704.64990234375,4680.10009765625,4685.0,4685.0,40950
2023-05-12 15:15:00+05:30,4685.0,4693.9501953125,4680.0,4687.2001953125,4687.2001953125,0
2023-05-15 09:15:00+05:30,4681.9501953125,4716.0,4657.0,4700.0,4700.0,0
2023-05-15 10:15:00+05:30,4699.0498046875,4708.89990234375,4693.0,4701.0,4701.0,16187
2023-05-15 11:15:00+05:30,4703.0,4716.0,4701.0,4705.85009765625,4705.85009765625,18504
2023-05-15 12:15:00+05:30,4705.85009765625,4708.0,4692.25,4697.2001953125,4697.2001953125,17404
2023-05-15 13:15:00+05:30,4697.75,4709.9501953125,4697.2998046875,4701.14990234375,4701.14990234375,11970
2023-05-15 14:15:00+05:30,4704.0498046875,4713.0498046875,4701.0,4701.0498046875,4701.0498046875,41711
2023-05-15 15:15:00+05:30,4701.0498046875,4709.89990234375,4700.0498046875,4707.14990234375,4707.14990234375,14956
2023-05-16 09:15:00+05:30,4719.85009765625,4790.0,4716.2998046875,4762.0,4762.0,0
2023-05-16 10:15:00+05:30,4761.0,4783.4501953125,4754.14990234375,4775.60009765625,4775.60009765625,35813
2023-05-16 11:15:00+05:30,4775.60009765625,4776.5,4756.0,4764.0,4764.0,17253
2023-05-16 12:15:00+05:30,4764.0,4767.2001953125,4753.0498046875,4755.0,4755.0,13168
2023-05-16 13:15:00+05:30,4756.35009765625,4765.0,4753.25,4755.0,4755.0,14217
2023-05-16 14:15:00+05:30,4757.25,4761.0,4726.85009765625,4726.85009765625,4726.85009765625,44027
2023-05-16 15:15:00+05:30,4725.2001953125,4736.0498046875,4720.0498046875,4736.0498046875,4736.0498046875,13824
2023-05-17 09:15:00+05:30,4744.0,4749.10009765625,4711.10009765625,4731.0,4731.0,0
2023-05-17 10:15:00+05:30,4731.0,4732.5,4681.0,4708.64990234375,4708.64990234375,48036
2023-05-17 11:15:00+05:30,4708.64990234375,4718.0,4693.2001953125,4705.85009765625,4705.85009765625,12093
2023-05-17 12:15:00+05:30,4705.85009765625,4732.89990234375,4701.75,4716.64990234375,4716.64990234375,15548
2023-05-17 13:15:00+05:30,4716.85009765625,4723.0,4701.7001953125,4718.0,4718.0,14344
2023-05-17 14:15:00+05:30,4718.5498046875,4741.5,4711.5498046875,4740.4501953125,4740.4501953125,27042
2023-05-17 15:15:00+05:30,4740.0,4751.0,4730.0,4739.89990234375,4739.89990234375,16076
2023-05-18 09:15:00+05:30,4759.5,4775.9501953125,4730.10009765625,4760.0,4760.0,0
2023-05-18 10:15:00+05:30,4761.39990234375,4770.0,4753.64990234375,4765.0498046875,4765.0498046875,25292
2023-05-18 11:15:00+05:30,4765.9501953125,4766.5,4755.0,4757.0,4757.0,37327
2023-05-18 12:15:00+05:30,4757.39990234375,4761.64990234375,4740.0,4740.10009765625,4740.10009765625,33301
2023-05-18 13:15:00+05:30,4740.0,4744.5,4738.5,4742.14990234375,4742.14990234375,23200
2023-05-18 14:15:00+05:30,4742.25,4750.60009765625,4705.85009765625,4713.75,4713.75,43767
2023-05-18 15:15:00+05:30,4712.0498046875,4719.0,4701.0,4712.7998046875,4712.7998046875,0
2023-05-19 09:15:00+05:30,4760.0,4774.0,4730.14990234375,4767.10009765625,4767.10009765625,68466
2023-05-19 10:15:00+05:30,4767.10009765625,4834.0,4762.0498046875,4817.5,4817.5,180761
2023-05-19 11:15:00+05:30,4819.9501953125,4830.89990234375,4802.39990234375,4830.14990234375,4830.14990234375,63673
2023-05-19 12:15:00+05:30,4830.85009765625,4843.25,4807.14990234375,4812.75,4812.75,62761
2023-05-19 13:15:00+05:30,4810.64990234375,4815.14990234375,4792.5498046875,4803.9501953125,4803.9501953125,46148
2023-05-19 14:15:00+05:30,4802.0,4815.0,4801.0,4805.7001953125,4805.7001953125,62358
2023-05-19 15:15:00+05:30,4805.7998046875,4810.14990234375,4792.0,4803.0,4803.0,43127
2023-05-22 09:15:00+05:30,4824.85009765625,4874.0,4810.39990234375,4871.64990234375,4871.64990234375,0
2023-05-22 10:15:00+05:30,4872.7998046875,4905.0,4872.7998046875,4884.25,4884.25,95223
2023-05-22 11:15:00+05:30,4885.60009765625,4902.9501953125,4881.5,4900.5498046875,4900.5498046875,33457
2023-05-22 12:15:00+05:30,4900.5498046875,4905.0,4891.5,4902.35009765625,4902.35009765625,23190
2023-05-22 13:15:00+05:30,4900.2001953125,4974.0,4895.9501953125,4971.89990234375,4971.89990234375,99037
2023-05-22 14:15:00+05:30,4970.0,5015.0,4970.0,4993.0,4993.0,169640
2023-05-22 15:15:00+05:30,4993.9501953125,5000.0,4957.14990234375,4987.4501953125,4987.4501953125,68629
2023-05-23 09:15:00+05:30,4980.10009765625,5015.0,4944.0498046875,4991.9501953125,4991.9501953125,0
2023-05-23 10:15:00+05:30,4990.7001953125,5003.0,4987.64990234375,4999.7998046875,4999.7998046875,45377
2023-05-23 11:15:00+05:30,4999.75,5000.60009765625,4930.10009765625,4933.5,4933.5,51767
2023-05-23 12:15:00+05:30,4935.5,4952.2001953125,4891.5498046875,4900.0,4900.0,50791
2023-05-23 13:15:00+05:30,4900.0,4903.0,4862.0,4865.0,4865.0,42858
2023-05-23 14:15:00+05:30,4863.0498046875,4874.9501953125,4844.2001953125,4857.0,4857.0,69587
2023-05-23 15:15:00+05:30,4857.0,4866.0,4851.0,4857.85009765625,4857.85009765625,63387
2023-05-24 09:15:00+05:30,4824.9501953125,4877.9501953125,4793.10009765625,4837.9501953125,4837.9501953125,0
2023-05-24 10:15:00+05:30,4840.0,4859.0,4823.39990234375,4826.10009765625,4826.10009765625,114086
2023-05-24 11:15:00+05:30,4827.0,4845.0498046875,4825.10009765625,4832.75,4832.75,86023
2023-05-24 12:15:00+05:30,4832.7001953125,4840.75,4790.5498046875,4796.89990234375,4796.89990234375,59677
2023-05-24 13:15:00+05:30,4798.0,4805.7998046875,4781.9501953125,4798.60009765625,4798.60009765625,44555
2023-05-24 14:15:00+05:30,4798.2998046875,4823.0,4796.2998046875,4820.0,4820.0,49763
2023-05-24 15:15:00+05:30,4820.35009765625,4843.0,4819.0,4840.0,4840.0,29862
2023-05-25 09:15:00+05:30,4854.0,4855.35009765625,4791.5498046875,4845.60009765625,4845.60009765625,0
2023-05-25 10:15:00+05:30,4845.0498046875,4858.0,4822.4501953125,4827.60009765625,4827.60009765625,22497
2023-05-25 11:15:00+05:30,4825.39990234375,4858.75,4809.0,4851.0,4851.0,34743
2023-05-25 12:15:00+05:30,4850.0,4856.9501953125,4833.39990234375,4852.7001953125,4852.7001953125,17925
2023-05-25 13:15:00+05:30,4853.0,4865.85009765625,4846.60009765625,4861.64990234375,4861.64990234375,36284
2023-05-25 14:15:00+05:30,4861.0,4914.75,4860.0,4908.0,4908.0,107760
2023-05-25 15:15:00+05:30,4908.0498046875,4924.25,4905.0,4910.5498046875,4910.5498046875,28100
2023-05-26 09:15:00+05:30,4930.0498046875,4988.39990234375,4930.0498046875,4949.5,4949.5,0
2023-05-26 10:15:00+05:30,4949.5,4986.10009765625,4942.2001953125,4986.0,4986.0,35960
2023-05-26 11:15:00+05:30,4986.0498046875,5018.0,4965.2001953125,5005.2001953125,5005.2001953125,94617
2023-05-26 12:15:00+05:30,5007.2001953125,5014.9501953125,4982.39990234375,4998.0,4998.0,64332
2023-05-26 13:15:00+05:30,4998.0,5000.0,4970.0,4971.7001953125,4971.7001953125,31365
2023-05-26 14:15:00+05:30,4971.64990234375,5008.9501953125,4970.0,5005.0,5005.0,64396
2023-05-26 15:15:00+05:30,5005.0,5008.0,4992.0,5001.10009765625,5001.10009765625,46339
2023-05-29 09:15:00+05:30,5043.7001953125,5054.64990234375,4991.0,5017.5,5017.5,0
2023-05-29 10:15:00+05:30,5017.0,5020.0,4995.0,5001.89990234375,5001.89990234375,32401
2023-05-29 11:15:00+05:30,5001.89990234375,5001.89990234375,4982.0,4993.35009765625,4993.35009765625,26505
2023-05-29 12:15:00+05:30,4994.5498046875,5000.0,4981.60009765625,4996.89990234375,4996.89990234375,43078
2023-05-29 13:15:00+05:30,4996.5,5000.0,4986.60009765625,4992.0,4992.0,15323
2023-05-29 14:15:00+05:30,4992.10009765625,4994.85009765625,4979.0,4982.5498046875,4982.5498046875,32636
2023-05-29 15:15:00+05:30,4984.0,5000.0,4976.2001953125,4988.89990234375,4988.89990234375,49846
2023-05-30 09:15:00+05:30,4996.0,5012.9501953125,4970.39990234375,4998.14990234375,4998.14990234375,0
2023-05-30 10:15:00+05:30,5000.0,5020.0,4991.0,5014.0,5014.0,43748
2023-05-30 11:15:00+05:30,5013.0,5014.14990234375,4996.0,4998.89990234375,4998.89990234375,28537
2023-05-30 12:15:00+05:30,4998.89990234375,5013.5498046875,4988.89990234375,5010.0,5010.0,51334
2023-05-30 13:15:00+05:30,5009.9501953125,5015.89990234375,4987.0,4988.0,4988.0,69357
2023-05-30 14:15:00+05:30,4988.0,5007.89990234375,4985.10009765625,4995.75,4995.75,41309
2023-05-30 15:15:00+05:30,4995.75,5000.0,4985.4501953125,4991.25,4991.25,21402
2023-05-31 09:15:00+05:30,4980.2001953125,5023.0,4970.2998046875,5015.25,5015.25,0
2023-05-31 10:15:00+05:30,5018.35009765625,5025.10009765625,4981.35009765625,4982.2001953125,4982.2001953125,55452
2023-05-31 11:15:00+05:30,4982.10009765625,4984.89990234375,4951.85009765625,4962.85009765625,4962.85009765625,33446
2023-05-31 12:15:00+05:30,4962.85009765625,4990.2001953125,4962.7998046875,4986.25,4986.25,27081
2023-05-31 13:15:00+05:30,4986.25,5014.39990234375,4980.25,5003.64990234375,5003.64990234375,44130
2023-05-31 14:15:00+05:30,5006.14990234375,5018.7998046875,4990.64990234375,4998.35009765625,4998.35009765625,142019
2023-05-31 15:15:00+05:30,4998.35009765625,5010.0,4990.25,4998.39990234375,4998.39990234375,106280
2023-06-01 09:15:00+05:30,5016.89990234375,5040.0,5000.35009765625,5006.85009765625,5006.85009765625,0
2023-06-01 10:15:00+05:30,5006.85009765625,5017.60009765625,4995.0,5005.0,5005.0,44857
2023-06-01 11:15:00+05:30,5005.0,5012.0,4991.0,4997.0,4997.0,24624
2023-06-01 12:15:00+05:30,4997.0,5014.9501953125,4992.0498046875,4995.2001953125,4995.2001953125,34557
2023-06-01 13:15:00+05:30,4995.2001953125,4999.9501953125,4965.0498046875,4986.89990234375,4986.89990234375,42140
2023-06-01 14:15:00+05:30,4986.85009765625,4994.0,4957.5498046875,4957.5498046875,4957.5498046875,56179
2023-06-01 15:15:00+05:30,4961.35009765625,4993.75,4958.14990234375,4969.2998046875,4969.2998046875,55292
2023-06-02 09:15:00+05:30,5017.60009765625,5018.0,4980.0,4990.5,4990.5,0
2023-06-02 10:15:00+05:30,4988.4501953125,5007.2001953125,4981.10009765625,4985.0,4985.0,50441
2023-06-02 11:15:00+05:30,4983.35009765625,4989.5,4981.10009765625,4987.2001953125,4987.2001953125,21279
2023-06-02 12:15:00+05:30,4985.85009765625,4999.89990234375,4985.85009765625,4994.7001953125,4994.7001953125,21592
2023-06-02 13:15:00+05:30,4993.89990234375,4997.0,4987.0,4989.9501953125,4989.9501953125,22565
2023-06-02 14:15:00+05:30,4989.85009765625,4998.0,4985.0,4990.2998046875,4990.2998046875,70814
2023-06-02 15:15:00+05:30,4990.7001953125,4997.0,4988.0,4994.14990234375,4994.14990234375,31565
2023-06-05 09:15:00+05:30,5009.9501953125,5029.9501953125,4970.0,4971.0498046875,4971.0498046875,0
2023-06-05 10:15:00+05:30,4971.10009765625,4981.5,4960.0,4975.64990234375,4975.64990234375,16892
2023-06-05 11:15:00+05:30,4975.64990234375,4981.5498046875,4967.2001953125,4970.7001953125,4970.7001953125,12641
2023-06-05 12:15:00+05:30,4973.0,4980.0,4960.0,4967.9501953125,4967.9501953125,11614
2023-06-05 13:15:00+05:30,4967.9501953125,4970.0,4961.5,4962.0498046875,4962.0498046875,12373
2023-06-05 14:15:00+05:30,4964.0,4964.0,4940.0,4945.64990234375,4945.64990234375,30085
2023-06-05 15:15:00+05:30,4945.64990234375,4951.85009765625,4931.4501953125,4936.60009765625,4936.60009765625,23512
2023-06-06 09:15:00+05:30,4886.85009765625,4886.85009765625,4820.0,4833.0,4833.0,213090
2023-06-06 10:15:00+05:30,4833.7998046875,4833.9501953125,4800.0,4814.0,4814.0,130963
2023-06-06 11:15:00+05:30,4812.2001953125,4824.89990234375,4803.10009765625,4819.0,4819.0,126639
2023-06-06 12:15:00+05:30,4819.0,4830.0,4817.60009765625,4825.5,4825.5,53576
2023-06-06 13:15:00+05:30,4825.5,4850.0,4825.10009765625,4845.0,4845.0,93711
2023-06-06 14:15:00+05:30,4845.0,4855.0,4841.10009765625,4854.5,4854.5,55226
2023-06-06 15:15:00+05:30,4854.25,4915.39990234375,4854.0,4884.85009765625,4884.85009765625,90049
2023-06-07 09:15:00+05:30,4912.0,4937.7998046875,4882.85009765625,4895.89990234375,4895.89990234375,0
2023-06-07 10:15:00+05:30,4895.89990234375,4898.9501953125,4870.25,4870.25,4870.25,24705
2023-06-07 11:15:00+05:30,4870.75,4890.0,4865.0,4885.0,4885.0,26605
2023-06-07 12:15:00+05:30,4886.0498046875,4900.85009765625,4883.2998046875,4890.0498046875,4890.0498046875,24726
2023-06-07 13:15:00+05:30,4890.0498046875,4897.9501953125,4860.2998046875,4873.14990234375,4873.14990234375,29863
2023-06-07 14:15:00+05:30,4873.0,4895.0,4865.5,4889.89990234375,4889.89990234375,60618
2023-06-07 15:15:00+05:30,4890.35009765625,4936.60009765625,4884.25,4902.25,4902.25,0
2023-06-08 09:15:00+05:30,4891.5,4896.4501953125,4835.0,4840.60009765625,4840.60009765625,147237
2023-06-08 10:15:00+05:30,4842.75,4846.85009765625,4827.0498046875,4833.0,4833.0,32512
2023-06-08 11:15:00+05:30,4834.2001953125,4837.0,4823.5498046875,4830.0,4830.0,82633
2023-06-08 12:15:00+05:30,4830.2998046875,4832.2001953125,4815.4501953125,4818.0,4818.0,28233
2023-06-08 13:15:00+05:30,4817.9501953125,4821.5,4803.0,4804.2001953125,4804.2001953125,37163
2023-06-08 14:15:00+05:30,4805.0,4814.14990234375,4801.39990234375,4804.35009765625,4804.35009765625,44931
2023-06-08 15:15:00+05:30,4804.25,4810.0,4797.10009765625,4805.2001953125,4805.2001953125,42454
2023-06-09 09:15:00+05:30,4834.7998046875,4836.0498046875,4776.60009765625,4792.60009765625,4792.60009765625,0
2023-06-09 10:15:00+05:30,4790.7001953125,4804.85009765625,4788.5,4795.25,4795.25,14141
2023-06-09 11:15:00+05:30,4797.4501953125,4818.5,4795.2001953125,4814.85009765625,4814.85009765625,29422
2023-06-09 12:15:00+05:30,4813.39990234375,4825.0,4799.64990234375,4822.75,4822.75,40265
2023-06-09 13:15:00+05:30,4824.89990234375,4825.2998046875,4816.0,4820.0,4820.0,30487
2023-06-09 14:15:00+05:30,4820.0,4831.4501953125,4815.0,4819.7001953125,4819.7001953125,74922
2023-06-09 15:15:00+05:30,4819.4501953125,4824.5,4808.0,4823.0498046875,4823.0498046875,29329
2023-06-12 09:15:00+05:30,4823.0498046875,4874.9501953125,4791.2001953125,4865.2001953125,4865.2001953125,0
2023-06-12 10:15:00+05:30,4865.5,4899.89990234375,4859.0,4896.7001953125,4896.7001953125,42594
2023-06-12 11:15:00+05:30,4896.7001953125,4938.0,4894.10009765625,4910.9501953125,4910.9501953125,77704
2023-06-12 12:15:00+05:30,4910.9501953125,4919.7998046875,4900.0,4910.25,4910.25,15374
2023-06-12 13:15:00+05:30,4910.0,4914.89990234375,4900.14990234375,4911.0,4911.0,20421
2023-06-12 14:15:00+05:30,4911.0,4920.2001953125,4890.0,4899.60009765625,4899.60009765625,40254
2023-06-12 15:15:00+05:30,4897.5,4910.0,4890.0,4905.0,4905.0,41381
2023-06-13 09:15:00+05:30,4930.0,4962.0,4902.0,4961.60009765625,4961.60009765625,0
2023-06-13 10:15:00+05:30,4959.9501953125,4966.85009765625,4937.64990234375,4941.14990234375,4941.14990234375,22350
2023-06-13 11:15:00+05:30,4941.25,4947.0498046875,4934.0,4938.5,4938.5,13559
2023-06-13 12:15:00+05:30,4940.0,4955.0,4938.5,4950.0,4950.0,23122
2023-06-13 13:15:00+05:30,4951.0,4966.0,4945.89990234375,4950.0,4950.0,50017
2023-06-13 14:15:00+05:30,4950.0,4955.89990234375,4940.0498046875,4945.0498046875,4945.0498046875,44482
2023-06-13 15:15:00+05:30,4947.5498046875,4950.0,4940.0,4944.9501953125,4944.9501953125,34020
2023-06-14 09:15:00+05:30,4942.14990234375,4958.9501953125,4870.75,4885.0,4885.0,0
2023-06-14 10:15:00+05:30,4887.89990234375,4896.0,4881.5,4892.2998046875,4892.2998046875,17750
2023-06-14 11:15:00+05:30,4890.2998046875,4898.0,4885.0,4895.0,4895.0,40324
2023-06-14 12:15:00+05:30,4895.0,4907.75,4892.14990234375,4904.85009765625,4904.85009765625,70092
2023-06-14 13:15:00+05:30,4907.0,4923.0,4899.75,4900.0,4900.0,34760
2023-06-14 14:15:00+05:30,4901.39990234375,4920.0,4895.7998046875,4903.85009765625,4903.85009765625,81892
2023-06-14 15:15:00+05:30,4903.75,4910.2001953125,4901.39990234375,4906.75,4906.75,29970
2023-06-15 09:15:00+05:30,4906.64990234375,4917.7998046875,4881.0498046875,4902.0498046875,4902.0498046875,33753
2023-06-15 10:15:00+05:30,4902.5,4943.89990234375,4902.5,4942.10009765625,4942.10009765625,99004
2023-06-15 11:15:00+05:30,4942.10009765625,4943.2998046875,4919.60009765625,4936.0498046875,4936.0498046875,17036
2023-06-15 12:15:00+05:30,4937.0,4942.0,4928.5,4939.5,4939.5,32321
2023-06-15 13:15:00+05:30,4939.5,5020.0,4937.4501953125,5013.4501953125,5013.4501953125,145216
2023-06-15 14:15:00+05:30,5011.39990234375,5015.35009765625,4971.60009765625,4977.2998046875,4977.2998046875,89661
2023-06-15 15:15:00+05:30,4976.9501953125,4984.39990234375,4953.25,4971.14990234375,4971.14990234375,35167
2023-06-16 09:15:00+05:30,5008.9501953125,5092.89990234375,4986.39990234375,5062.0,5062.0,0
2023-06-16 10:15:00+05:30,5062.0,5062.0,5001.2998046875,5010.0,5010.0,75596
2023-06-16 11:15:00+05:30,5010.5498046875,5013.0,4963.75,4977.39990234375,4977.39990234375,48966
2023-06-16 12:15:00+05:30,4977.5,4982.0,4952.35009765625,4960.0,4960.0,27579
2023-06-16 13:15:00+05:30,4959.0498046875,5005.0,4959.0498046875,4988.75,4988.75,48105
2023-06-16 14:15:00+05:30,4989.5,5015.0,4982.0,5008.75,5008.75,99599
2023-06-16 15:15:00+05:30,5011.25,5024.0,5002.0,5010.60009765625,5010.60009765625,0
2023-06-19 09:15:00+05:30,5024.9501953125,5069.9501953125,5007.0,5035.85009765625,5035.85009765625,0
2023-06-19 10:15:00+05:30,5038.64990234375,5100.0,5035.0,5087.7998046875,5087.7998046875,137788
2023-06-19 11:15:00+05:30,5089.9501953125,5121.89990234375,5085.0,5115.4501953125,5115.4501953125,84631
2023-06-19 12:15:00+05:30,5115.4501953125,5142.0,5108.89990234375,5122.4501953125,5122.4501953125,97886
2023-06-19 13:15:00+05:30,5122.85009765625,5122.89990234375,5102.10009765625,5113.75,5113.75,52982
2023-06-19 14:15:00+05:30,5113.7998046875,5114.7998046875,5038.0498046875,5049.89990234375,5049.89990234375,217446
2023-06-19 15:15:00+05:30,5048.60009765625,5071.0,5039.0,5049.9501953125,5049.9501953125,61812
2023-06-20 09:15:00+05:30,5068.0,5068.0,4990.2001953125,5004.2998046875,5004.2998046875,0
2023-06-20 10:15:00+05:30,5001.89990234375,5009.0,4992.89990234375,4999.0,4999.0,27118
2023-06-20 11:15:00+05:30,4999.0,5015.0,4991.35009765625,4999.0,4999.0,40206
2023-06-20 12:15:00+05:30,4999.4501953125,5005.0,4996.0,4998.25,4998.25,15082
2023-06-20 13:15:00+05:30,4999.0,5000.0,4957.2998046875,4962.0,4962.0,89786
2023-06-20 14:15:00+05:30,4963.2998046875,5028.64990234375,4959.85009765625,5023.0,5023.0,98743
2023-06-20 15:15:00+05:30,5021.5,5040.0,5016.14990234375,5021.0,5021.0,31612
2023-06-21 09:15:00+05:30,5037.5498046875,5056.4501953125,5011.0,5022.25,5022.25,66761
2023-06-21 10:15:00+05:30,5022.0498046875,5022.25,4973.85009765625,4978.25,4978.25,71743
2023-06-21 11:15:00+05:30,4978.2998046875,4989.10009765625,4970.5,4976.5498046875,4976.5498046875,48952
2023-06-21 12:15:00+05:30,4975.0,4981.4501953125,4968.5498046875,4980.0,4980.0,32178
2023-06-21 13:15:00+05:30,4977.5498046875,4999.0,4971.2001953125,4998.0498046875,4998.0498046875,21425
2023-06-21 14:15:00+05:30,4997.0,5013.0,4982.7998046875,5013.0,5013.0,59784
2023-06-21 15:15:00+05:30,5009.60009765625,5010.0,4996.0,5000.5,5000.5,34753
2023-06-22 09:15:00+05:30,5020.9501953125,5037.60009765625,4971.0,4984.75,4984.75,0
2023-06-22 10:15:00+05:30,4984.64990234375,5006.0,4977.5498046875,5002.0,5002.0,18624
2023-06-22 11:15:00+05:30,5003.7001953125,5011.7998046875,4998.5,5000.0,5000.0,13655
2023-06-22 12:15:00+05:30,5000.0,5006.7998046875,4980.0,4996.0,4996.0,19212
2023-06-22 13:15:00+05:30,4993.10009765625,5013.4501953125,4989.7998046875,5004.0498046875,5004.0498046875,19391
2023-06-22 14:15:00+05:30,5003.4501953125,5029.9501953125,4991.9501953125,5012.60009765625,5012.60009765625,57797
2023-06-22 15:15:00+05:30,5012.64990234375,5036.0,5012.64990234375,5026.0498046875,5026.0498046875,0
2023-06-23 09:15:00+05:30,5010.85009765625,5010.85009765625,4911.0,4940.39990234375,4940.39990234375,90908
2023-06-23 10:15:00+05:30,4943.4501953125,4978.0,4940.7001953125,4963.89990234375,4963.89990234375,30180
2023-06-23 11:15:00+05:30,4962.7001953125,4974.0,4951.10009765625,4969.0,4969.0,9994
2023-06-23 12:15:00+05:30,4972.14990234375,4988.0,4967.75,4978.89990234375,4978.89990234375,15077
2023-06-23 13:15:00+05:30,4976.2001953125,4984.5,4961.25,4972.7998046875,4972.7998046875,31374
2023-06-23 14:15:00+05:30,4969.60009765625,4980.0,4951.35009765625,4957.85009765625,4957.85009765625,57775
2023-06-23 15:15:00+05:30,4955.35009765625,4960.39990234375,4949.85009765625,4950.7001953125,4950.7001953125,27694
2023-06-26 09:15:00+05:30,4954.0,5017.4501953125,4926.0498046875,4974.89990234375,4974.89990234375,0
2023-06-26 10:15:00+05:30,4974.9501953125,5018.85009765625,4970.2998046875,5014.85009765625,5014.85009765625,41616
2023-06-26 11:15:00+05:30,5012.14990234375,5018.0,5000.0,5010.0,5010.0,27228
2023-06-26 12:15:00+05:30,5008.4501953125,5011.64990234375,4986.5,5000.0,5000.0,28195
2023-06-26 13:15:00+05:30,5000.0,5003.64990234375,4991.0498046875,4999.60009765625,4999.60009765625,14174
2023-06-26 14:15:00+05:30,4999.60009765625,5011.0,4995.0,5008.64990234375,5008.64990234375,31719
2023-06-26 15:15:00+05:30,5004.7001953125,5009.9501953125,5002.2001953125,5009.9501953125,5009.9501953125,20864
2023-06-27 09:15:00+05:30,5024.75,5043.60009765625,5007.75,5015.5,5015.5,0
2023-06-27 10:15:00+05:30,5017.4501953125,5032.0,5013.0,5021.7998046875,5021.7998046875,15517
2023-06-27 11:15:00+05:30,5021.7998046875,5025.0,5005.0,5018.0,5018.0,13175
2023-06-27 12:15:00+05:30,5019.60009765625,5020.0,4996.10009765625,5003.0,5003.0,15750
2023-06-27 13:15:00+05:30,5005.0,5006.9501953125,4979.4501953125,5005.0,5005.0,95387
2023-06-27 14:15:00+05:30,5004.89990234375,5177.89990234375,5004.89990234375,5158.7001953125,5158.7001953125,460421
2023-06-27 15:15:00+05:30,5158.89990234375,5193.10009765625,5147.0498046875,5163.0498046875,5163.0498046875,109814
2023-06-30 09:15:00+05:30,5125.0,5192.9501953125,5114.0498046875,5190.5,5190.5,0
2023-06-30 10:15:00+05:30,5190.9501953125,5229.89990234375,5182.7001953125,5189.0,5189.0,171081
2023-06-30 11:15:00+05:30,5189.0,5200.35009765625,5170.0,5177.14990234375,5177.14990234375,30889
2023-06-30 12:15:00+05:30,5177.39990234375,5200.0,5174.5,5198.25,5198.25,31727
2023-06-30 13:15:00+05:30,5198.64990234375,5208.14990234375,5191.5498046875,5206.2998046875,5206.2998046875,45283
2023-06-30 14:15:00+05:30,5207.0,5224.0,5191.75,5197.5,5197.5,99097
2023-06-30 15:15:00+05:30,5196.35009765625,5200.0,5176.0,5197.2001953125,5197.2001953125,48833
2023-07-03 09:15:00+05:30,5219.85009765625,5230.0,5153.25,5161.0,5161.0,0
2023-07-03 10:15:00+05:30,5160.0,5162.0,5138.0498046875,5143.39990234375,5143.39990234375,35383
2023-07-03 11:15:00+05:30,5140.7001953125,5168.10009765625,5137.0,5165.10009765625,5165.10009765625,40884
2023-07-03 12:15:00+05:30,5166.60009765625,5209.5,5152.0,5199.9501953125,5199.9501953125,65492
2023-07-03 13:15:00+05:30,5200.0,5206.7001953125,5180.0,5190.2998046875,5190.2998046875,34186
2023-07-03 14:15:00+05:30,5190.10009765625,5209.89990234375,5181.5498046875,5203.2998046875,5203.2998046875,56894
2023-07-03 15:15:00+05:30,5203.2998046875,5224.0,5200.0498046875,5210.0,5210.0,43614
